customer_id,age,gender,location,income_level,tenure,call_duration,num_calls,complaints,satisfaction_score,support_tickets,purchase_history,avg_purchase_value,total_spent,last_purchase_date,preferred_category,discount_usage,website_visits,click_through_rate,email_opens,ad_clicks,upsell_accepted
CUST1000,40,Female,Lake Kimberlyburgh,High,81,5.02,3,0,8,2,11,4133,17349,2024-05-07,Grocery,4,27,0.65,13,16,1
CUST1001,20,Female,Port Pamela,Medium,98,5.85,3,4,6,3,10,4695,30609,2025-05-18,Home,6,26,0.5,4,20,0
CUST1002,43,Other,Ryanfort,High,26,4.43,2,0,1,0,30,3455,12379,2024-04-14,Grocery,19,3,0.05,35,22,1
CUST1003,42,Male,East Franciscoshire,Low,115,3.69,2,3,6,3,21,512,38385,2024-06-05,Services,15,59,0.15,13,1,0
CUST1004,45,Female,Barbaraton,Medium,73,7.71,3,1,5,1,38,642,46100,2025-08-22,Fashion,3,89,0.89,44,0,1
CUST1005,63,Male,Lake John,Medium,64,4.72,2,1,9,3,4,584,39395,2025-07-15,Services,12,54,0.98,9,26,0
CUST1006,68,Male,Graceview,Medium,119,5.28,3,1,2,2,7,3182,25892,2024-07-13,Services,7,74,0.08,31,21,1
CUST1007,30,Other,South April,High,59,7.32,4,0,7,5,9,3913,14110,2024-11-09,Services,0,24,0.76,44,1,0
CUST1008,52,Male,Larsenmouth,Medium,60,5.57,3,1,2,4,48,4444,36721,2025-03-26,Home,11,52,0.45,45,6,1
CUST1009,50,Female,Amytown,Low,69,2.64,3,3,3,3,12,1134,22436,2025-04-16,Grocery,4,74,0.92,0,12,0
CUST1010,48,Male,South Jeffrey,Medium,52,4.55,5,1,10,1,0,1267,37490,2025-08-13,Home,10,55,0.87,27,12,0
CUST1011,67,Male,Lake Michael,Medium,107,4.24,4,2,6,1,18,3843,37939,2024-12-21,Grocery,0,31,0.62,10,29,1
CUST1012,29,Female,West Randy,Low,12,4.91,2,1,7,0,4,856,29342,2025-02-22,Home,6,22,0.24,13,11,0
CUST1013,32,Female,West Megan,Medium,70,2.99,1,2,8,1,3,4347,29227,2024-03-30,Grocery,18,31,0.83,21,1,1
CUST1014,18,Male,West Patrickfort,Low,82,6.44,3,0,3,1,45,1730,7547,2024-10-26,Home,9,57,0.68,46,28,0
CUST1015,49,Male,Sanchezburgh,Medium,91,5.12,5,3,10,2,17,4669,21108,2024-06-10,Home,16,8,0.15,11,17,1
CUST1016,26,Male,Sotoville,High,46,5.23,1,0,6,1,42,3558,951,2024-06-23,Home,18,31,0.54,17,29,0
CUST1017,24,Male,Allisonland,Low,83,7.14,1,1,7,2,25,2010,20678,2024-04-07,Home,6,73,0.98,38,21,0
CUST1018,44,Male,Isabellaside,Medium,13,6.2,2,1,7,1,49,178,2614,2025-04-11,Electronics,8,16,0.49,26,11,0
CUST1019,23,Male,Georgefort,Medium,99,3.58,5,0,2,1,49,4838,44098,2024-06-15,Grocery,19,21,0.12,36,13,1
CUST1020,68,Female,Lake Michaelmouth,Medium,94,5.15,2,2,10,5,49,3147,31763,2023-12-14,Home,3,16,0.56,15,9,1
CUST1021,52,Male,Lake Pedro,Low,2,5.04,7,1,1,1,2,4170,46390,2023-11-03,Home,15,58,0.09,14,6,0
CUST1022,64,Male,East Joshua,Low,97,8.42,2,2,8,0,5,590,36069,2023-11-08,Home,19,36,0.02,27,12,0
CUST1023,33,Male,South Ethanmouth,Low,9,3.9,1,2,9,1,39,3324,7806,2024-04-14,Fashion,17,53,0.9,19,23,1
CUST1024,43,Female,East Willieberg,Medium,17,7.06,4,0,5,2,20,4557,13457,2025-04-06,Fashion,11,77,0.87,8,18,0
CUST1025,60,Female,Lake Erika,Low,12,1.34,7,3,5,6,20,1608,16098,2024-03-11,Services,9,43,0.37,34,29,0
CUST1026,49,Female,South Jeffreybury,Low,16,4.53,1,1,8,1,14,4279,30270,2025-06-05,Home,18,4,0.33,25,4,1
CUST1027,30,Female,Kimberlyberg,High,4,5.72,3,1,5,3,12,3983,1345,2023-10-31,Fashion,0,40,0.96,0,7,1
CUST1028,37,Male,Lake Monicafort,High,54,7.26,5,0,6,0,12,4122,41111,2024-06-10,Grocery,5,29,0.91,6,22,1
CUST1029,43,Male,Marthafort,Low,3,6.22,3,1,5,2,29,1295,38276,2023-12-13,Electronics,17,35,0.06,11,18,1
CUST1030,53,Female,Jasontown,Medium,54,1.99,0,0,4,3,3,1143,44020,2024-04-13,Services,5,98,0.48,30,13,1
CUST1031,62,Female,South Jodi,Medium,32,2.94,3,2,5,4,27,2600,6926,2024-06-16,Electronics,12,26,0.35,2,24,0
CUST1032,52,Male,East Stephen,Medium,115,3.02,3,1,4,0,12,2158,34582,2025-07-12,Home,1,71,0.96,13,10,1
CUST1033,45,Female,North Eddieborough,Low,110,6.79,5,0,4,1,10,2348,13245,2024-11-17,Services,3,2,0.46,12,24,0
CUST1034,44,Male,Alvareztown,Medium,60,3.96,3,2,3,2,39,588,21917,2024-09-10,Home,19,33,0.48,17,17,0
CUST1035,27,Other,South Jeffrey,Low,101,5.39,1,2,10,2,5,2271,12985,2024-09-14,Fashion,10,39,0.11,33,13,1
CUST1036,24,Male,South Andrewville,Low,74,5.43,4,0,9,4,23,1883,34299,2023-10-23,Fashion,11,20,0.03,8,12,1
CUST1037,58,Other,Lake Daniel,Low,110,5.04,5,0,5,1,11,3905,43644,2023-09-17,Services,3,44,0.61,1,20,1
CUST1038,52,Male,Danielburgh,Low,60,4.93,3,1,10,2,1,832,14616,2024-04-27,Grocery,14,72,0.56,4,10,0
CUST1039,20,Female,Port Heatherville,Low,68,4.71,5,3,2,2,2,1561,47182,2025-09-06,Grocery,1,82,0.94,15,4,0
CUST1040,44,Male,Taylorberg,Low,52,5.67,5,2,6,5,5,267,518,2023-11-24,Grocery,11,28,0.8,38,19,0
CUST1041,35,Male,Beckhaven,Low,81,4.17,2,2,10,1,17,2725,4781,2024-12-27,Fashion,11,48,0.74,10,26,1
CUST1042,53,Male,Lake Barbara,Low,91,6.6,2,0,3,0,39,4360,517,2025-06-14,Fashion,6,29,0.57,13,1,1
CUST1043,64,Male,Port Jacob,High,59,2.64,4,0,5,4,40,209,38141,2023-11-03,Services,7,7,0.8,23,7,0
CUST1044,54,Male,South Tanya,Medium,26,2.05,4,3,7,4,36,3627,6364,2025-09-10,Home,14,66,0.27,34,3,0
CUST1045,52,Male,Bakerland,Medium,18,6.6,2,0,6,3,19,925,18834,2024-12-24,Services,0,80,0.34,41,12,1
CUST1046,33,Male,Medinaburgh,Medium,46,7.69,2,1,9,2,30,3174,1247,2024-10-02,Fashion,6,87,0.72,7,13,1
CUST1047,19,Male,East Scott,Low,95,5.2,2,2,6,4,30,606,13911,2025-06-29,Home,17,36,0.1,13,19,0
CUST1048,49,Male,Hunterfurt,Medium,12,7.11,2,1,10,2,10,3012,27087,2024-05-21,Fashion,8,3,0.12,44,12,1
CUST1049,48,Male,North John,Medium,64,3.15,5,0,6,1,20,2404,49006,2024-08-08,Fashion,6,12,0.23,11,3,0
CUST1050,46,Female,Lake Jennifer,High,108,3.51,1,3,9,2,10,4751,7774,2025-05-20,Fashion,15,53,0.48,47,6,0
CUST1051,59,Female,Port Barbaraton,High,48,2.96,5,1,2,1,26,3611,13208,2023-11-27,Home,8,52,0.86,23,23,0
CUST1052,42,Male,Williamsonfort,Low,36,1.68,2,1,10,4,4,2596,6040,2025-08-01,Grocery,2,35,0.42,27,5,1
CUST1053,40,Male,Sharpbury,Low,89,6.76,3,3,2,0,13,4071,24645,2025-03-15,Home,18,51,0.14,31,16,0
CUST1054,39,Male,New Victormouth,Medium,74,3.68,7,1,2,0,39,4755,13311,2025-08-31,Electronics,2,78,0.07,21,17,0
CUST1055,59,Male,East Roy,Low,58,5.16,3,1,1,1,6,1374,32915,2025-05-20,Services,16,14,0.13,4,28,1
CUST1056,66,Other,Cannonside,High,26,4.49,5,0,7,3,6,2994,3198,2025-07-30,Home,10,26,0.89,8,28,0
CUST1057,59,Male,Amandafort,Medium,73,6.48,4,1,4,1,48,2032,47410,2023-11-28,Electronics,5,27,0.92,13,0,1
CUST1058,67,Male,Porterland,High,109,6.08,2,1,10,1,42,4911,2445,2025-05-15,Services,12,12,0.7,13,20,0
CUST1059,46,Female,West Adam,Medium,37,-0.89,7,1,9,1,15,4864,526,2024-06-19,Fashion,16,26,0.51,43,5,0
CUST1060,59,Male,Currychester,Medium,93,4.44,2,1,10,1,9,848,31345,2023-10-06,Grocery,2,48,0.82,3,3,1
CUST1061,66,Male,Edwardborough,Medium,32,5.21,2,3,7,0,48,427,8544,2023-12-23,Electronics,15,8,0.91,3,5,0
CUST1062,68,Female,Robertside,High,52,1.21,2,2,9,1,4,949,31820,2024-12-29,Electronics,8,63,0.48,48,24,1
CUST1063,29,Female,West Amandaville,High,81,3.92,2,2,7,0,24,3488,3266,2025-05-22,Electronics,7,41,0.54,39,4,0
CUST1064,47,Male,North Daniel,Low,54,6.18,3,0,3,2,46,3148,23092,2024-07-11,Electronics,0,5,0.69,20,11,1
CUST1065,25,Female,South Herbert,Medium,115,4.46,3,1,10,2,6,4819,17938,2024-04-10,Home,1,41,0.32,11,5,1
CUST1066,39,Female,Cisnerosberg,Low,11,5.18,3,4,1,1,33,3121,46571,2024-10-21,Electronics,8,72,0.52,28,5,0
CUST1067,64,Male,Collinshaven,High,39,7.49,5,1,5,4,26,4089,24946,2023-11-28,Home,18,51,0.01,19,16,1
CUST1068,31,Male,New Craigville,Medium,112,2.19,2,0,2,2,16,1766,5144,2023-11-25,Home,19,40,0.6,4,17,1
CUST1069,53,Female,Kellyside,High,109,4.85,2,2,4,4,23,3427,1125,2025-09-02,Home,14,79,0.13,42,5,0
CUST1070,51,Male,Johnbury,High,65,4.84,2,1,4,3,26,572,30717,2024-05-13,Grocery,19,48,0.24,33,11,1
CUST1071,65,Male,Piercestad,Medium,62,6.2,3,0,3,2,3,2370,36075,2025-05-19,Home,13,26,0.54,1,6,0
CUST1072,60,Male,South Mistyshire,Low,55,4.11,3,0,2,3,14,2862,5192,2025-04-23,Fashion,3,86,0.82,3,16,0
CUST1073,49,Female,Mooreshire,Medium,89,6.13,1,2,5,5,25,3571,45087,2024-05-20,Services,8,16,0.96,29,28,1
CUST1074,28,Male,New Roger,Low,86,9.28,1,2,1,0,36,4196,760,2023-11-14,Fashion,5,34,0.51,28,22,0
CUST1075,23,Female,Kimberlyshire,High,112,4.82,2,2,10,2,11,2482,20912,2025-09-04,Grocery,17,42,0.32,26,11,0
CUST1076,49,Female,Freyville,Medium,75,3.84,1,0,6,1,3,810,24891,2025-02-07,Grocery,10,68,0.31,20,13,1
CUST1077,35,Male,Taylorborough,High,118,5.16,5,0,10,2,40,4979,49900,2024-10-05,Grocery,3,32,0.81,13,2,1
CUST1078,34,Other,South David,Medium,79,6.07,5,1,4,0,39,1399,1164,2025-01-25,Services,3,87,0.5,17,18,0
CUST1079,52,Male,New Seth,High,39,3.7,7,1,4,3,1,2117,38855,2024-01-28,Fashion,2,96,0.8,43,0,1
CUST1080,36,Other,South Michael,Medium,87,6.19,2,0,6,1,13,2550,34868,2025-09-08,Grocery,12,92,0.98,4,0,1
CUST1081,38,Male,Lake Rogerton,Medium,95,4.89,0,2,5,3,9,4447,41341,2024-05-23,Electronics,13,91,0.46,14,16,1
CUST1082,66,Male,Port Hannahville,Medium,10,2.45,2,2,2,2,39,2636,40060,2024-05-08,Services,12,44,0.43,45,9,1
CUST1083,32,Male,Crystalchester,High,74,2.66,2,2,1,1,39,685,18254,2024-07-24,Grocery,6,4,0.01,42,16,0
CUST1084,63,Female,New Andre,Medium,55,4.04,5,0,10,1,41,4049,19800,2024-03-19,Fashion,16,93,0.92,49,24,1
CUST1085,26,Female,Patelshire,Low,116,-0.25,3,2,1,1,34,1779,18085,2024-07-05,Electronics,6,45,0.97,13,7,1
CUST1086,62,Female,South Robert,Medium,52,5.49,1,3,9,2,7,2236,31784,2024-04-14,Services,7,45,0.64,16,25,0
CUST1087,64,Male,New Elizabethfort,Medium,75,4.88,2,4,3,0,30,1070,11282,2024-03-14,Services,17,54,0.0,47,13,0
CUST1088,20,Male,Johnhaven,High,55,3.99,4,2,4,4,12,4734,19360,2024-05-01,Home,14,84,0.66,3,12,0
CUST1089,24,Female,New Christinechester,Medium,99,6.75,2,1,6,1,13,4551,48227,2025-09-01,Services,17,4,0.7,4,1,1
CUST1090,48,Female,North Kevinberg,Medium,58,5.07,1,1,2,1,0,3836,8652,2024-11-07,Home,16,49,0.11,32,18,0
CUST1091,56,Female,Kellyhaven,Medium,46,8.42,7,0,7,3,49,1807,37674,2025-03-29,Fashion,0,67,0.45,42,9,0
CUST1092,53,Female,Mccarthytown,Low,25,4.13,3,1,2,3,9,3915,3827,2025-02-20,Electronics,7,11,0.47,8,25,0
CUST1093,22,Male,Lake Michaelville,Medium,92,4.93,1,2,8,2,7,554,34753,2024-01-26,Fashion,19,27,0.44,21,12,0
CUST1094,40,Other,Susantown,Low,7,4.71,5,2,5,0,16,1944,45134,2024-03-31,Home,15,66,0.38,9,6,1
CUST1095,18,Male,Port Donald,Medium,41,5.84,1,1,9,1,6,4601,37370,2024-12-02,Services,4,62,0.22,3,23,1
CUST1096,28,Female,New Amy,Medium,60,6.92,7,0,10,3,18,3277,33246,2024-08-17,Grocery,14,33,0.97,5,19,0
CUST1097,59,Female,Turnerburgh,Medium,41,5.38,2,1,5,3,9,3732,20179,2024-03-08,Electronics,10,98,0.22,12,11,1
CUST1098,66,Male,Troymouth,Medium,12,0.56,2,0,8,0,25,4362,46913,2024-07-15,Fashion,10,18,0.66,8,12,1
CUST1099,66,Male,Patelfort,Medium,47,8.67,3,1,7,2,15,167,3021,2024-03-05,Grocery,1,35,0.47,17,26,0
CUST1100,53,Female,Simmonschester,Low,18,5.57,5,0,8,4,29,2354,18713,2024-12-23,Fashion,16,97,0.73,12,25,1
CUST1101,65,Female,Davidberg,Medium,97,2.25,3,1,7,2,30,1229,10222,2023-11-04,Grocery,14,52,0.24,46,25,0
CUST1102,42,Female,East Veronicaview,Low,39,5.0,6,0,1,2,18,2422,17495,2024-12-03,Services,10,7,0.46,4,18,0
CUST1103,55,Male,Martinezmouth,Medium,114,3.69,2,0,5,2,21,919,17299,2024-10-28,Electronics,17,68,0.34,28,24,0
CUST1104,34,Male,Kennethmouth,Low,62,4.28,2,1,5,0,47,609,37865,2024-12-29,Services,13,74,0.81,22,26,1
CUST1105,50,Male,Port Danielle,Low,7,7.52,4,0,6,0,45,4082,25089,2024-10-03,Fashion,17,4,0.83,33,22,1
CUST1106,36,Female,West Christopherland,High,101,5.87,7,1,5,1,27,4527,16285,2025-02-01,Home,8,25,0.91,21,17,0
CUST1107,29,Female,Victoriamouth,Medium,40,5.89,3,0,1,3,28,705,21528,2023-11-19,Grocery,5,23,0.86,0,4,0
CUST1108,30,Female,New Micheal,Low,100,1.84,2,1,5,0,17,4228,48857,2025-05-09,Electronics,4,92,0.33,28,26,1
CUST1109,28,Female,Clarkbury,Medium,98,4.38,6,1,10,0,9,4278,33884,2024-05-21,Fashion,5,25,0.25,47,25,1
CUST1110,46,Female,Lake Rebeccastad,Medium,35,4.88,5,1,6,5,41,4910,36596,2024-08-08,Fashion,11,21,0.59,26,12,0
CUST1111,47,Male,East Kristin,Medium,115,4.47,1,1,4,2,3,3872,4460,2025-04-27,Grocery,16,27,0.68,8,3,1
CUST1112,67,Male,South Johnathanstad,Medium,5,4.78,1,2,2,2,6,1640,39735,2025-06-11,Services,19,65,0.01,16,8,0
CUST1113,27,Male,New Stephenstad,High,64,2.85,5,1,9,2,23,1732,1735,2025-03-03,Grocery,3,2,0.7,41,17,0
CUST1114,61,Male,East Jamesshire,Low,20,5.81,4,4,9,1,23,2862,5117,2025-01-09,Services,13,53,0.36,10,24,0
CUST1115,41,Male,Port Peter,Low,16,4.92,5,0,1,2,7,3520,38806,2025-07-30,Home,11,58,0.47,22,17,0
CUST1116,44,Male,South Gregoryberg,Low,57,6.05,3,0,3,1,20,3183,26001,2025-07-22,Home,3,97,0.9,27,22,0
CUST1117,34,Female,New Holly,Low,42,4.81,1,2,10,1,3,446,42551,2023-09-22,Electronics,10,51,0.13,17,15,0
CUST1118,42,Female,Michaeltown,Low,103,7.24,5,0,6,4,11,4260,37455,2025-01-08,Home,19,96,0.7,7,8,0
CUST1119,55,Female,West Christine,Medium,1,5.71,3,1,9,1,39,1615,46169,2023-12-14,Electronics,18,90,0.64,13,22,0
CUST1120,68,Male,Port Mike,High,40,7.21,3,0,2,2,34,2814,43976,2024-05-14,Fashion,11,4,0.26,12,27,1
CUST1121,53,Male,North Meganland,Medium,12,1.4,3,2,9,2,2,3035,20278,2024-12-18,Services,13,35,0.18,45,16,0
CUST1122,47,Female,Bartonton,Medium,7,5.38,2,0,2,2,47,3186,42593,2025-09-10,Home,1,30,0.35,45,21,0
CUST1123,37,Female,Lake Deanna,Low,11,3.66,2,1,7,4,33,3379,14251,2024-03-12,Fashion,17,39,0.75,42,10,1
CUST1124,30,Female,South Bridgetside,Low,119,3.8,1,0,10,3,17,3924,21351,2025-04-17,Services,10,38,0.62,18,18,1
CUST1125,41,Male,Salazarburgh,Medium,29,5.12,4,0,10,1,34,1420,30040,2025-03-03,Grocery,15,2,0.84,10,6,0
CUST1126,64,Male,Davidside,Low,110,4.34,2,0,4,1,3,3166,37910,2024-03-09,Home,9,36,0.43,44,2,0
CUST1127,58,Female,Lake Molly,Low,109,7.5,5,1,4,1,22,4085,44973,2024-09-17,Fashion,14,63,0.71,45,18,1
CUST1128,66,Female,East Tonyaside,Medium,116,8.7,6,2,5,2,15,1962,14903,2025-08-05,Grocery,5,74,1.0,45,7,1
CUST1129,56,Female,East Madisonland,High,27,4.98,0,1,9,2,26,1279,43552,2023-12-15,Services,14,80,0.84,5,19,1
CUST1130,36,Male,North Michelleville,Medium,102,5.87,4,3,6,1,13,257,32338,2024-09-08,Home,5,47,0.89,25,7,1
CUST1131,20,Male,North Angelaside,High,36,1.7,5,3,2,0,2,2163,45765,2024-06-25,Fashion,1,48,0.7,4,10,0
CUST1132,23,Male,Jonesfort,Medium,93,4.71,2,0,9,1,46,1029,5393,2024-02-24,Electronics,7,95,0.27,47,10,1
CUST1133,60,Male,Port Thomasville,Low,11,3.76,2,1,3,4,20,339,13849,2024-02-26,Fashion,17,56,0.73,26,3,0
CUST1134,45,Female,Joeberg,Medium,110,3.1,3,0,8,2,13,4608,3992,2025-07-18,Home,18,74,0.48,42,10,0
CUST1135,45,Female,North Ashley,Medium,81,4.47,3,4,2,0,15,1083,11366,2024-05-08,Electronics,0,17,0.81,17,14,0
CUST1136,40,Female,Port Jasonton,Medium,67,3.29,3,0,1,4,10,3804,40828,2023-10-17,Grocery,16,2,0.72,16,16,0
CUST1137,37,Female,Burtonmouth,Medium,64,5.23,1,1,7,3,9,360,43601,2024-02-07,Electronics,1,23,0.73,42,19,1
CUST1138,20,Other,South Staceyfort,Medium,11,1.68,2,1,10,3,11,1657,20764,2024-11-28,Services,5,91,0.66,45,4,1
CUST1139,41,Male,South Kelly,Medium,59,4.05,1,1,9,2,25,520,27079,2024-08-24,Services,9,15,0.31,17,28,0
CUST1140,52,Male,Youngton,Medium,115,2.69,3,0,8,4,47,3492,25677,2025-08-08,Electronics,19,15,0.13,11,24,0
CUST1141,56,Female,Juliashire,Medium,70,2.24,4,0,1,2,20,2859,41226,2023-11-12,Electronics,9,91,0.96,6,2,1
CUST1142,21,Female,Abigailton,Low,47,5.56,2,0,9,3,47,3733,9571,2024-12-15,Grocery,12,13,0.3,40,11,0
CUST1143,48,Male,Martinezburgh,Medium,72,3.38,5,0,5,5,49,2331,46807,2023-11-12,Home,0,80,0.11,5,8,1
CUST1144,46,Male,Colemanfurt,High,38,6.32,1,2,8,2,24,2022,39401,2025-05-30,Grocery,10,18,0.83,4,20,1
CUST1145,65,Other,West Michael,Medium,36,6.15,4,1,9,1,14,780,33643,2025-05-03,Fashion,5,98,0.74,38,17,1
CUST1146,55,Female,Matthewville,Low,10,8.16,3,1,1,3,23,2818,31373,2024-05-10,Fashion,10,76,0.89,5,7,0
CUST1147,63,Female,Port Kathleenmouth,Medium,24,6.94,5,1,9,3,27,2848,1331,2024-07-19,Services,2,41,0.22,48,21,0
CUST1148,37,Female,Adkinsshire,Medium,86,5.27,3,0,5,2,39,1840,7160,2025-07-25,Grocery,15,84,0.68,43,6,0
CUST1149,35,Male,West Pamelatown,Medium,30,1.57,5,2,6,3,48,3784,28058,2023-11-02,Grocery,10,96,0.67,13,28,0
CUST1150,41,Female,Lake Jacqueline,High,18,3.84,3,0,8,4,11,2456,3147,2025-03-01,Services,9,24,0.86,31,17,0
CUST1151,59,Male,Johntown,High,13,5.34,2,0,4,1,47,3325,37682,2025-07-13,Home,18,18,0.71,5,25,0
CUST1152,24,Male,Jennifershire,Medium,30,7.54,4,0,9,1,49,1646,30731,2024-01-08,Electronics,11,84,0.38,39,21,1
CUST1153,27,Female,Hollyborough,Medium,5,7.33,1,0,5,4,10,138,10732,2023-09-30,Grocery,1,4,0.42,25,24,1
CUST1154,62,Male,Rebeccaville,Medium,44,5.22,3,0,4,1,16,3503,27237,2025-07-05,Services,18,58,0.51,8,6,1
CUST1155,18,Other,Houstonstad,High,119,3.84,1,1,4,1,5,4393,11425,2024-09-19,Electronics,12,52,0.14,2,10,1
CUST1156,37,Female,Port Victoria,Medium,46,3.53,3,0,3,3,42,718,8146,2024-07-18,Fashion,0,88,0.21,16,8,0
CUST1157,53,Female,Simmonsfort,Medium,24,4.61,0,1,2,4,13,1127,40146,2024-06-05,Fashion,18,13,0.16,33,0,1
CUST1158,21,Male,Shepardborough,Medium,34,2.37,2,0,10,1,26,768,36952,2025-05-22,Electronics,14,75,0.47,42,21,0
CUST1159,44,Male,Emilymouth,High,57,3.59,2,0,8,1,30,2112,46671,2025-06-21,Electronics,19,11,0.92,28,20,1
CUST1160,43,Male,South Jessicatown,Medium,4,4.61,5,0,9,2,45,2599,15033,2024-01-16,Home,7,73,0.91,35,3,1
CUST1161,19,Female,Powersberg,High,23,3.96,4,2,4,1,6,1894,40264,2024-03-28,Home,12,45,0.17,16,9,0
CUST1162,51,Female,Benjaminburgh,Low,70,6.48,4,2,2,3,31,2609,26215,2025-04-07,Services,11,26,0.6,27,21,0
CUST1163,62,Male,Smithfurt,Medium,118,6.59,2,0,1,3,6,845,35379,2024-10-27,Services,2,57,0.34,48,0,0
CUST1164,49,Male,Wangbury,Low,91,5.39,2,0,6,6,8,4605,8969,2024-09-08,Home,8,76,0.83,42,6,1
CUST1165,36,Female,North Steven,High,99,5.39,2,1,6,2,45,2989,41625,2024-02-21,Electronics,15,64,0.04,49,14,1
CUST1166,62,Female,Jimenezview,Low,32,4.41,3,2,2,1,17,4581,42791,2025-05-31,Services,16,18,0.77,41,5,1
CUST1167,24,Female,West Christyfurt,Low,109,5.68,3,1,4,1,4,1921,23134,2024-01-09,Grocery,15,15,0.48,35,28,0
CUST1168,38,Male,Melissaview,Low,100,6.83,2,1,8,3,20,1129,7306,2024-01-14,Electronics,3,84,0.16,40,5,0
CUST1169,52,Male,Williamsbury,Low,111,4.61,2,0,4,2,11,3804,36703,2025-04-08,Home,11,82,0.37,29,2,1
CUST1170,49,Female,South Jeremy,High,101,5.21,2,0,6,2,0,3012,41482,2025-02-17,Fashion,9,17,0.91,31,0,0
CUST1171,33,Male,North Andrewfort,High,8,7.37,3,1,6,1,17,4958,32482,2024-12-09,Grocery,17,24,0.12,8,11,1
CUST1172,67,Male,Knappfurt,Medium,94,4.41,5,1,1,1,48,144,24945,2025-04-07,Home,13,13,0.77,21,15,0
CUST1173,63,Female,West Michael,Medium,36,2.85,0,1,4,3,47,1108,26775,2024-01-12,Grocery,4,33,0.72,2,25,0
CUST1174,32,Male,Lake Adam,Low,54,3.51,3,2,9,0,13,3590,42998,2025-02-03,Home,16,71,0.82,36,15,1
CUST1175,24,Male,Maddoxport,Medium,80,2.98,3,1,4,3,38,2082,12451,2024-05-02,Home,7,97,0.88,29,26,0
CUST1176,63,Other,West Dawn,Medium,49,2.81,3,2,7,0,13,2046,15067,2025-02-19,Services,16,30,0.05,44,7,0
CUST1177,58,Female,Nixonview,Low,18,3.69,2,2,2,1,16,3893,24418,2023-09-24,Grocery,13,22,0.03,18,7,0
CUST1178,58,Male,Williamsshire,Low,34,5.05,1,0,9,1,29,3439,25499,2024-04-28,Electronics,3,3,0.36,32,11,1
CUST1179,45,Male,East Tiffanyside,Medium,36,2.38,1,1,9,4,34,1944,2087,2024-09-06,Fashion,10,94,0.09,47,9,0
CUST1180,19,Female,South Kimberlystad,Medium,117,0.74,4,0,5,3,6,336,15909,2025-03-27,Services,13,95,0.42,47,2,0
CUST1181,67,Female,New Cynthiabury,Medium,81,5.75,2,0,3,2,4,1693,18357,2024-06-30,Services,2,74,0.29,14,2,0
CUST1182,56,Male,Walkerburgh,High,49,2.07,5,1,6,2,38,1661,31493,2024-07-09,Electronics,14,2,0.47,15,8,0
CUST1183,49,Male,South Sarahburgh,Medium,50,4.46,3,0,9,3,5,191,42659,2025-05-07,Home,8,2,0.89,14,22,1
CUST1184,40,Female,East Matthew,Medium,65,6.89,0,1,7,5,25,4251,43422,2024-11-30,Electronics,18,0,0.23,46,18,1
CUST1185,54,Female,Gardnerchester,Medium,70,7.09,6,0,7,1,4,3612,14347,2025-06-05,Electronics,9,56,0.09,47,18,0
CUST1186,54,Other,Bakerville,Medium,110,5.89,1,1,10,2,2,298,8704,2023-11-16,Grocery,10,16,0.57,22,22,1
CUST1187,50,Male,Starkfort,Low,100,4.86,2,0,4,0,44,1932,13884,2024-09-13,Grocery,12,12,0.01,46,12,0
CUST1188,20,Female,Snyderchester,High,115,6.19,5,2,2,2,9,1430,11827,2025-05-07,Grocery,1,27,0.58,1,21,0
CUST1189,25,Female,Port Lisa,Medium,68,5.78,1,5,2,1,24,3865,48100,2025-07-11,Grocery,3,89,0.59,44,16,1
CUST1190,64,Male,Jillchester,Medium,26,3.51,3,0,10,1,48,3141,2413,2025-02-27,Electronics,8,28,0.22,18,16,0
CUST1191,42,Female,Amyland,Medium,7,2.91,4,1,3,3,20,743,23489,2025-06-02,Services,18,78,0.56,18,7,0
CUST1192,44,Male,Mcguirefort,Low,28,4.27,3,2,10,5,17,1351,41432,2024-05-13,Electronics,10,59,0.22,28,24,0
CUST1193,66,Male,Lake Zachary,Medium,28,2.28,2,0,4,1,40,2035,42854,2025-04-27,Grocery,14,2,0.56,44,20,1
CUST1194,35,Female,Rodriguezchester,High,73,6.68,1,0,2,2,32,2104,33141,2024-09-29,Grocery,8,49,0.23,45,5,0
CUST1195,35,Female,Rebeccaberg,Low,65,5.53,5,1,7,1,13,3439,36448,2024-07-19,Home,14,31,0.82,37,4,1
CUST1196,54,Female,Michellebury,High,9,6.5,1,1,2,6,14,4592,31520,2024-11-22,Electronics,16,81,0.73,29,17,1
CUST1197,38,Male,Karinabury,High,35,1.42,1,0,9,1,20,2545,24982,2024-03-29,Fashion,2,5,0.61,37,5,1
CUST1198,57,Female,Michaelland,High,116,3.31,3,3,2,1,39,2191,6944,2025-03-07,Home,16,90,0.58,12,27,0
CUST1199,22,Male,Thomasfurt,Low,55,6.23,5,2,4,1,22,2790,24712,2025-04-04,Home,5,32,0.4,46,6,1
CUST1200,23,Male,Lake Michelleville,Low,33,5.5,1,1,1,0,36,4753,45900,2023-12-23,Services,3,22,0.27,23,3,1
CUST1201,50,Other,Jamiechester,Low,18,6.73,1,2,2,0,34,1950,43511,2025-06-11,Services,17,2,0.8,8,3,0
CUST1202,68,Other,Jorgeside,High,86,4.12,4,3,4,1,40,350,8190,2023-11-15,Electronics,11,95,0.29,16,2,0
CUST1203,26,Female,East Adam,Medium,10,5.36,7,2,7,1,23,2255,17285,2023-12-19,Services,12,37,0.87,15,11,0
CUST1204,39,Male,Breannaport,High,73,3.76,0,0,7,0,27,4219,6037,2025-06-02,Home,0,45,0.86,18,12,1
CUST1205,56,Male,Heathershire,High,99,5.36,1,2,10,3,7,3202,29809,2025-01-24,Electronics,12,36,0.95,15,10,0
CUST1206,51,Male,Wallerstad,Medium,86,6.07,5,2,9,1,11,3055,41998,2024-05-02,Grocery,3,88,0.95,32,12,1
CUST1207,55,Female,Roblesborough,High,112,4.9,3,1,7,2,47,2730,36290,2025-09-11,Electronics,19,17,0.73,29,4,1
CUST1208,26,Female,East Jonathan,Medium,54,5.46,3,3,6,0,26,4013,26088,2024-11-16,Fashion,4,62,0.8,21,23,1
CUST1209,53,Female,Watsonberg,Medium,64,0.74,6,0,5,3,0,1547,31648,2025-08-27,Grocery,18,33,0.92,30,26,1
CUST1210,55,Female,West Nathanbury,Medium,3,7.08,3,1,3,3,45,2065,37416,2024-12-08,Fashion,3,68,0.08,7,16,1
CUST1211,27,Other,North Richard,Medium,50,3.4,4,0,9,0,41,2484,42900,2023-09-29,Fashion,8,20,0.7,1,5,0
CUST1212,24,Male,Port Samuel,Low,23,7.7,5,0,4,2,20,4392,3194,2024-11-27,Fashion,14,98,0.05,29,19,0
CUST1213,41,Female,Kennethtown,Medium,107,3.18,3,3,9,2,19,674,3275,2025-01-05,Fashion,14,29,0.34,18,29,1
CUST1214,63,Female,Wernerport,Medium,92,1.96,7,1,5,2,37,3058,39047,2023-09-21,Grocery,7,84,0.33,14,17,1
CUST1215,44,Female,Jenniferside,Medium,23,8.45,3,0,4,5,9,3037,15895,2024-03-16,Grocery,3,60,0.0,46,24,1
CUST1216,37,Male,North Alexandra,Medium,99,4.25,3,1,6,3,34,2718,30742,2024-03-21,Services,12,57,0.93,5,21,1
CUST1217,18,Female,Shawnshire,Low,57,6.95,2,2,4,3,23,2103,37804,2024-06-04,Home,13,72,0.41,5,3,1
CUST1218,28,Female,Port Davidport,Medium,33,7.09,1,0,9,1,15,488,4866,2023-09-24,Services,0,1,0.55,10,5,0
CUST1219,48,Female,Port Regina,Low,26,3.32,4,0,5,0,17,4571,31692,2024-06-27,Grocery,15,78,0.6,25,10,0
CUST1220,66,Male,New Dakota,Medium,77,1.33,1,0,1,1,32,740,21422,2024-12-04,Services,9,58,0.31,32,9,0
CUST1221,19,Male,South Joelstad,Medium,78,1.23,3,0,8,1,46,2317,27395,2024-06-10,Electronics,15,85,0.35,41,7,1
CUST1222,69,Male,South Megan,Medium,1,3.4,3,0,4,6,16,1463,49668,2024-05-11,Electronics,6,47,0.37,9,14,0
CUST1223,21,Male,East Calvin,High,99,7.44,1,1,5,0,20,410,17245,2024-10-20,Services,19,66,0.01,24,13,0
CUST1224,52,Male,Shirleyton,Medium,81,4.71,4,3,8,3,44,3265,12886,2024-08-05,Services,9,87,0.33,48,19,1
CUST1225,48,Male,Goldenview,Medium,31,6.27,3,4,5,1,30,2722,39969,2024-10-16,Grocery,6,67,0.43,24,3,0
CUST1226,40,Male,Alexandratown,High,59,4.37,1,1,1,1,17,4271,2099,2024-08-26,Services,9,8,0.34,0,28,1
CUST1227,44,Female,North Mark,Medium,109,4.88,6,2,3,0,29,3780,40603,2025-06-26,Electronics,15,64,0.99,2,21,1
CUST1228,58,Female,Penningtontown,Medium,88,7.72,8,2,2,1,23,4110,15146,2023-12-25,Electronics,1,56,0.92,1,25,0
CUST1229,67,Female,Lake Martha,Medium,66,4.32,3,0,5,4,41,3058,31091,2024-07-27,Home,19,14,0.18,2,6,0
CUST1230,32,Female,Lake Cynthia,Low,35,3.03,3,1,9,1,5,465,26561,2025-07-19,Home,1,43,0.89,9,16,1
CUST1231,64,Male,Longville,Low,65,5.57,2,2,7,2,21,1504,27722,2024-01-02,Services,18,92,0.1,23,21,0
CUST1232,42,Female,East Diane,Low,110,6.39,5,2,8,2,46,2017,39726,2024-10-21,Home,12,28,0.26,48,3,1
CUST1233,41,Female,North Joseph,High,103,4.52,6,0,7,0,45,993,17276,2025-05-15,Fashion,0,52,0.6,6,17,0
CUST1234,56,Male,Port Robinbury,Medium,74,6.55,1,1,5,4,14,4780,2145,2024-08-18,Home,16,68,0.51,23,9,0
CUST1235,32,Female,Omarport,Low,21,5.88,0,2,10,1,10,2203,49871,2024-12-25,Grocery,8,53,0.21,44,12,1
CUST1236,20,Other,Lake Jacob,High,20,4.67,6,4,7,3,11,4613,21903,2025-09-05,Electronics,13,67,0.11,1,20,1
CUST1237,25,Female,Lake Sonia,High,28,3.72,3,0,4,1,15,3594,29791,2025-05-21,Fashion,13,76,0.98,13,22,1
CUST1238,61,Male,Jesseborough,Medium,106,5.83,3,0,4,1,33,1937,3111,2024-11-25,Fashion,16,77,0.47,36,12,0
CUST1239,26,Male,Lake Ericchester,Low,95,5.16,5,0,7,2,3,4505,44489,2024-10-13,Electronics,16,48,0.47,16,11,1
CUST1240,69,Female,Port Elizabethberg,Medium,42,3.9,2,1,8,1,29,3671,47159,2024-03-20,Home,19,26,0.41,33,2,0
CUST1241,46,Male,Amandaport,Medium,81,7.57,0,1,2,2,42,404,25951,2025-07-23,Home,5,67,0.93,29,10,0
CUST1242,23,Female,New Joshuashire,Low,12,3.04,2,2,1,2,35,2447,33349,2024-09-16,Electronics,4,41,0.99,34,24,0
CUST1243,24,Male,Jacksonport,Medium,61,4.24,7,1,7,5,28,4871,9979,2024-12-17,Services,14,59,0.96,33,15,0
CUST1244,32,Female,Deborahhaven,Medium,97,7.24,2,1,10,2,12,985,28756,2024-04-25,Fashion,10,51,0.5,39,14,1
CUST1245,55,Male,Scottland,High,118,5.17,2,1,1,4,36,3150,28476,2024-10-30,Electronics,16,63,0.64,3,28,0
CUST1246,25,Female,Amandaside,Medium,49,2.34,3,2,4,0,23,4214,22116,2025-02-04,Grocery,13,3,0.18,47,9,1
CUST1247,49,Female,Port Breannaborough,Low,109,3.79,1,1,6,0,17,3822,31101,2024-11-23,Services,16,54,0.65,37,9,1
CUST1248,27,Male,West Roberthaven,Low,73,3.79,3,3,6,2,36,954,49714,2024-05-03,Fashion,1,42,0.32,2,3,0
CUST1249,59,Male,Brendanbury,Medium,91,5.2,3,0,8,3,26,858,47087,2024-09-05,Grocery,16,70,0.19,44,27,1
CUST1250,52,Male,Ryanhaven,High,35,0.47,2,1,6,0,44,4434,1962,2023-11-27,Grocery,11,85,0.45,24,12,0
CUST1251,51,Female,Dakotaview,Medium,107,5.09,1,1,4,1,1,955,21753,2024-08-16,Electronics,0,9,0.9,26,2,0
CUST1252,33,Female,Martinside,High,68,3.28,5,0,2,2,26,1925,36394,2025-01-16,Fashion,0,18,0.81,26,6,0
CUST1253,51,Female,Matthewmouth,Medium,99,6.13,3,0,5,0,44,1154,17437,2024-01-10,Fashion,11,19,0.99,29,10,0
CUST1254,21,Male,Abigailshire,Low,99,4.49,3,1,6,3,30,4701,19749,2024-04-16,Services,16,7,0.31,10,27,1
CUST1255,54,Female,Crystalside,Low,40,4.57,2,1,9,1,39,4280,13773,2025-02-11,Fashion,7,58,0.92,47,10,1
CUST1256,56,Female,New Nicoleville,High,14,5.99,1,1,6,0,39,2615,40552,2024-09-16,Home,19,92,0.61,16,12,1
CUST1257,33,Male,West Gavinfurt,Medium,92,-0.04,2,1,4,2,28,2434,38058,2025-05-04,Grocery,17,88,0.49,38,26,0
CUST1258,61,Female,Shaunshire,High,35,3.05,6,1,6,2,22,1360,26528,2024-03-29,Home,18,61,0.89,26,0,1
CUST1259,59,Male,West Jessicaport,High,46,6.3,3,0,8,1,33,3938,24731,2025-01-11,Home,9,49,0.4,13,16,1
CUST1260,55,Male,Lake Shane,High,109,5.16,5,0,4,1,2,1273,10370,2025-01-22,Grocery,10,30,0.46,43,24,0
CUST1261,46,Female,Esparzatown,Medium,87,3.55,6,2,7,2,17,2401,33260,2025-03-08,Fashion,14,92,0.3,42,21,0
CUST1262,51,Male,Huberborough,Low,115,7.92,2,3,2,0,39,3669,49949,2024-07-17,Services,16,92,0.09,20,23,1
CUST1263,37,Female,Port Gailbury,High,79,2.9,0,0,4,2,29,3447,10876,2024-04-17,Services,17,9,0.55,26,13,1
CUST1264,45,Male,Douglasstad,Medium,91,6.93,2,1,6,3,39,1462,19326,2025-06-26,Grocery,3,45,0.96,36,27,0
CUST1265,27,Female,Jerrychester,Low,32,8.72,4,0,6,2,8,3025,42213,2025-05-31,Home,2,22,0.64,19,21,0
CUST1266,35,Male,Smithmouth,High,32,3.95,2,2,10,2,35,898,41257,2025-08-26,Services,15,18,0.93,23,14,1
CUST1267,58,Female,Josephfurt,Medium,78,7.11,2,0,8,1,42,585,4177,2023-10-03,Electronics,7,41,0.04,0,29,0
CUST1268,54,Male,Whitneyburgh,Low,27,4.05,5,2,2,0,32,4839,15676,2025-03-30,Electronics,13,18,0.21,26,6,1
CUST1269,45,Female,Harringtonburgh,Low,16,7.12,1,2,1,1,46,4999,40150,2025-05-22,Services,1,57,0.87,11,11,1
CUST1270,62,Female,Kristinaton,Low,15,1.39,2,1,5,0,38,4470,44692,2024-08-22,Grocery,0,16,0.44,41,17,0
CUST1271,52,Female,Lake Amy,High,64,3.96,7,1,10,2,33,1108,41575,2023-12-20,Fashion,4,29,0.77,48,28,1
CUST1272,20,Male,Dodsonmouth,Medium,77,5.86,3,0,9,2,38,1880,44085,2025-07-12,Fashion,12,46,0.2,46,3,0
CUST1273,37,Male,Tammyside,Medium,96,7.67,3,0,3,0,38,341,25759,2023-12-13,Services,13,6,0.52,6,6,0
CUST1274,29,Male,Pricetown,High,75,6.2,3,0,3,5,13,452,21036,2025-03-07,Home,4,93,0.46,6,26,0
CUST1275,58,Male,East Kathy,Medium,95,3.11,1,0,7,0,28,744,22411,2024-10-15,Electronics,6,89,0.09,6,10,1
CUST1276,65,Female,Cobbborough,Low,60,6.29,2,0,8,2,12,2474,45693,2024-06-04,Home,1,40,0.37,23,6,1
CUST1277,20,Female,Thomaston,Medium,56,6.16,3,2,3,2,13,4165,34581,2025-04-16,Home,18,56,0.3,49,8,0
CUST1278,21,Female,North Michael,Low,112,5.82,2,1,6,1,21,854,47374,2025-05-02,Services,8,40,0.47,12,26,1
CUST1279,44,Male,Davidland,Medium,69,4.27,0,1,3,1,21,1731,26827,2024-12-13,Electronics,2,31,0.38,7,13,1
CUST1280,35,Male,Port Elizabeth,Medium,14,6.27,0,2,5,0,31,851,15662,2024-09-25,Home,14,84,0.97,30,28,0
CUST1281,37,Female,West Chris,High,52,6.77,8,1,6,4,21,4253,18786,2024-04-23,Services,19,5,0.67,14,12,0
CUST1282,50,Male,North Cheryl,Medium,9,5.81,2,0,9,1,16,1183,49205,2024-03-05,Electronics,17,77,0.43,42,17,1
CUST1283,68,Female,Lake Garychester,Medium,95,5.63,3,0,6,0,12,2394,17075,2025-05-19,Electronics,14,64,0.76,0,1,1
CUST1284,69,Male,Port Joannaside,Low,49,9.49,7,3,9,2,28,872,24741,2024-08-22,Services,19,21,0.36,19,19,0
CUST1285,61,Female,New Shelly,Medium,78,1.74,5,0,5,0,33,682,8411,2024-10-30,Home,17,98,0.57,48,6,0
CUST1286,61,Female,North Rayburgh,High,110,5.82,2,0,8,0,45,2248,47046,2023-10-23,Electronics,7,23,0.76,9,28,1
CUST1287,30,Male,East David,Medium,12,3.75,4,0,8,2,9,775,47579,2025-04-01,Electronics,17,23,0.5,33,27,0
CUST1288,31,Male,Hoodmouth,Low,49,4.16,1,0,7,0,25,2092,32181,2024-10-03,Fashion,5,20,0.58,12,5,0
CUST1289,55,Male,North Howardchester,Low,22,6.01,7,1,1,1,22,1405,19004,2024-12-15,Fashion,12,78,0.34,23,4,0
CUST1290,59,Male,Emilyfort,Medium,15,6.19,2,0,10,5,2,1215,48764,2024-08-09,Home,16,50,0.44,2,14,1
CUST1291,38,Female,East Ericaberg,Low,96,6.42,4,2,10,1,22,2986,25086,2025-05-30,Electronics,14,97,0.74,24,21,1
CUST1292,30,Male,New Peter,Medium,100,7.32,4,1,4,3,45,1484,31677,2023-10-27,Home,7,69,0.9,16,24,1
CUST1293,36,Female,Marshfurt,Medium,25,5.23,3,1,3,2,46,657,36977,2023-09-13,Services,7,28,0.65,0,27,0
CUST1294,55,Other,Jamestown,Low,9,5.24,3,0,8,2,18,4556,12660,2024-10-07,Electronics,19,80,0.6,45,10,0
CUST1295,60,Male,Brendashire,High,68,6.18,6,2,6,2,46,4446,38685,2024-04-25,Electronics,19,92,0.28,22,28,1
CUST1296,59,Other,Whitakermouth,Medium,36,7.03,4,3,8,1,46,4938,23128,2024-01-03,Home,0,92,0.5,17,25,1
CUST1297,48,Female,Kevinshire,Medium,41,9.55,1,4,1,1,1,4341,21545,2024-03-07,Home,14,12,0.44,9,12,0
CUST1298,42,Male,Delgadoview,Medium,10,3.01,5,1,5,6,35,3744,19346,2023-12-17,Grocery,4,58,0.51,44,22,1
CUST1299,53,Male,Jeffreyview,Medium,39,4.92,3,1,4,2,25,3065,30116,2024-02-04,Grocery,18,11,0.11,21,8,0
CUST1300,39,Female,New Keithside,Medium,31,5.95,4,0,1,3,20,2863,27109,2025-05-21,Electronics,15,67,0.69,37,18,1
CUST1301,48,Male,Port Kristinahaven,Low,45,3.09,4,1,5,2,46,4088,38913,2023-11-03,Services,0,77,0.77,6,9,1
CUST1302,67,Male,Josephbury,Medium,29,3.3,3,2,9,1,34,3537,17176,2025-02-24,Home,13,17,0.6,8,6,1
CUST1303,23,Male,Jacksonborough,Medium,89,4.55,5,1,1,5,4,2031,9253,2025-07-30,Home,4,11,0.43,22,15,0
CUST1304,54,Male,Lake Richardbury,Low,113,5.14,1,2,9,3,27,2411,40511,2024-03-28,Services,18,94,0.41,42,17,1
CUST1305,26,Female,Allenton,Medium,101,5.51,1,1,3,3,41,2443,41539,2024-05-02,Electronics,2,58,0.01,14,17,1
CUST1306,25,Female,East Garrett,Medium,76,6.02,1,0,2,2,14,4019,41566,2025-04-08,Grocery,17,55,0.28,7,8,0
CUST1307,47,Female,Jeffreyfort,Medium,20,4.93,6,2,1,1,11,435,24215,2024-11-11,Services,2,89,0.56,25,17,1
CUST1308,28,Male,Harrisonshire,Low,89,1.68,0,3,4,1,46,4592,29108,2024-07-24,Services,6,98,0.09,18,22,0
CUST1309,42,Male,Mikeshire,High,103,3.29,2,0,7,1,41,4760,44616,2024-07-13,Services,12,80,0.4,15,8,1
CUST1310,50,Female,North Ashley,Medium,80,3.43,4,1,9,1,3,2837,4622,2024-12-15,Electronics,11,99,0.72,32,14,0
CUST1311,22,Female,North Lindaport,Low,109,8.08,4,2,5,1,12,910,49334,2024-03-23,Grocery,6,3,0.57,43,0,0
CUST1312,63,Female,Gomeztown,Low,49,1.72,2,1,5,3,0,197,43318,2025-05-01,Fashion,11,16,0.34,48,14,1
CUST1313,20,Male,New Jordanport,Medium,95,2.96,3,0,10,4,43,2250,1759,2023-12-17,Fashion,5,11,0.2,13,15,0
CUST1314,36,Female,East Mariechester,Medium,105,6.41,0,0,1,2,49,2582,1047,2025-08-22,Electronics,16,58,0.97,6,9,0
CUST1315,37,Female,Walkermouth,Medium,43,5.17,5,0,6,0,18,1944,43232,2023-12-19,Services,13,81,0.14,15,3,1
CUST1316,18,Female,West Toddstad,Low,26,4.93,3,2,5,3,23,1414,7206,2024-02-15,Electronics,7,45,0.71,32,5,0
CUST1317,29,Male,New Rebeccaberg,Medium,48,7.96,5,0,3,4,18,4907,44569,2023-09-29,Electronics,13,20,0.31,18,25,0
CUST1318,24,Female,Warnerview,Low,99,2.19,2,2,10,3,7,2260,28372,2024-05-08,Home,14,47,0.66,24,2,1
CUST1319,59,Male,Debraport,Medium,65,3.21,5,0,9,0,33,3375,42993,2024-04-23,Grocery,7,38,0.43,1,11,1
CUST1320,45,Female,Matthewburgh,Medium,75,5.95,4,1,7,0,21,324,28241,2024-02-07,Grocery,15,17,0.26,17,24,0
CUST1321,50,Male,West Oscarfort,High,60,3.12,2,3,5,1,25,4227,15244,2024-04-03,Fashion,11,93,0.79,1,0,0
CUST1322,44,Female,Quinnstad,Medium,75,6.29,2,0,10,3,12,4682,23446,2024-01-29,Electronics,19,17,0.19,45,14,1
CUST1323,53,Female,Chadhaven,Low,1,1.87,1,0,4,1,6,3181,30479,2025-07-27,Home,19,57,0.32,15,21,0
CUST1324,68,Male,West Jade,Low,94,4.36,3,2,4,1,25,3151,41665,2024-04-29,Home,19,14,0.63,21,13,0
CUST1325,30,Female,North Amanda,Medium,72,3.29,2,1,4,0,31,1403,34596,2025-08-25,Services,4,85,0.19,43,4,0
CUST1326,38,Male,West Elizabeth,Medium,83,1.8,3,0,6,1,20,1762,16936,2024-06-19,Grocery,14,53,0.85,34,1,0
CUST1327,31,Male,Matthewbury,Medium,4,5.46,1,0,3,4,35,4062,22622,2024-07-26,Home,4,4,0.22,47,24,0
CUST1328,50,Male,Leslieborough,High,54,3.97,3,0,10,2,5,2552,7937,2024-03-20,Electronics,7,86,0.13,15,11,0
CUST1329,41,Female,Lake Meganport,Medium,2,4.37,3,1,9,1,27,1139,27257,2023-11-13,Fashion,18,44,0.2,21,18,0
CUST1330,41,Male,Lake Gregoryberg,High,45,2.44,1,0,9,1,43,688,27094,2025-09-03,Services,6,24,0.53,41,17,0
CUST1331,38,Female,Webstershire,Low,116,2.9,0,0,10,0,19,1464,44429,2024-07-28,Electronics,8,66,0.83,0,27,1
CUST1332,21,Male,Shaneborough,Low,105,3.92,5,0,4,4,0,772,5816,2023-10-25,Fashion,11,82,0.72,8,26,0
CUST1333,52,Other,New Jennifermouth,High,77,5.3,3,0,2,4,27,757,39951,2024-01-16,Grocery,10,14,0.71,18,24,0
CUST1334,24,Male,Lake Catherineview,High,58,3.75,3,0,5,5,38,1663,4782,2025-02-10,Grocery,11,41,0.63,8,9,0
CUST1335,67,Male,West Jerry,High,91,3.2,5,1,1,4,5,4501,2290,2025-06-01,Electronics,17,98,0.53,11,13,0
CUST1336,21,Female,South Tyrone,Medium,16,3.89,0,1,9,7,23,3839,13756,2024-10-22,Services,7,71,0.92,35,17,1
CUST1337,23,Male,South Michaelhaven,Medium,89,5.25,5,1,2,3,20,4689,37715,2024-08-15,Electronics,8,40,0.02,42,13,0
CUST1338,31,Female,Delacruzmouth,Low,78,9.22,2,1,7,4,26,1521,21456,2024-08-30,Grocery,11,6,0.55,15,10,1
CUST1339,62,Male,Meredithtown,High,43,5.34,2,1,2,1,23,583,21371,2024-12-30,Services,4,25,0.2,40,8,0
CUST1340,21,Male,North Michael,Low,57,0.31,2,2,6,3,27,2109,15063,2024-04-25,Services,17,60,0.0,2,18,1
CUST1341,62,Male,New Catherinebury,High,18,4.8,5,1,3,2,5,4363,33085,2024-12-27,Grocery,4,52,0.8,49,12,0
CUST1342,27,Female,West Lisaview,Medium,98,2.7,1,2,4,0,10,3194,49772,2025-05-19,Services,18,3,0.62,45,15,1
CUST1343,65,Female,North Brianaland,Medium,12,4.47,4,0,2,2,22,433,18649,2024-09-24,Services,12,12,0.8,3,1,0
CUST1344,66,Male,New Karen,Medium,67,6.82,2,2,4,2,5,4357,38248,2023-10-21,Electronics,4,7,0.61,3,28,1
CUST1345,62,Female,Richardborough,Medium,30,1.97,3,2,8,3,43,1822,42313,2024-03-06,Grocery,9,13,0.76,22,5,1
CUST1346,47,Female,West Josehaven,Medium,91,0.61,3,0,7,0,27,947,16937,2024-03-26,Fashion,1,6,0.13,37,20,1
CUST1347,52,Female,South Jennifertown,Medium,47,3.82,2,1,3,4,5,4320,27661,2023-12-08,Electronics,6,53,0.48,43,20,0
CUST1348,38,Female,Turnerside,Medium,70,3.55,3,4,1,3,26,3432,5965,2025-02-17,Services,3,74,0.93,37,22,0
CUST1349,39,Male,West Christopherhaven,Low,103,7.08,5,1,9,2,17,2937,41726,2023-10-16,Services,6,61,0.68,17,27,1
CUST1350,67,Female,Weaverville,Medium,35,4.92,3,1,8,2,0,2367,9373,2024-09-27,Home,17,20,0.82,47,14,0
CUST1351,38,Male,Meganbury,High,64,2.53,6,3,2,1,27,1197,37299,2024-04-30,Home,8,83,0.15,28,27,0
CUST1352,43,Male,Burnsfort,High,63,1.15,3,1,5,3,17,328,20241,2023-11-10,Services,18,92,0.88,9,16,1
CUST1353,46,Female,Evansview,Low,82,3.42,2,0,10,3,44,4695,36340,2025-02-04,Fashion,10,55,0.15,10,22,1
CUST1354,48,Female,Ingramfort,Medium,48,6.4,2,2,5,1,31,2487,29088,2025-06-29,Grocery,14,43,0.53,27,28,0
CUST1355,26,Female,North Erica,Low,51,5.33,5,0,1,1,23,4070,13109,2024-07-01,Grocery,19,91,0.38,38,25,0
CUST1356,50,Female,Masseytown,Medium,33,9.71,4,2,6,1,26,2269,38581,2023-10-11,Grocery,17,71,0.13,9,29,1
CUST1357,64,Male,New Leslieview,Low,3,1.55,0,2,10,1,18,4469,39062,2023-11-01,Electronics,15,28,0.92,16,10,1
CUST1358,39,Other,North Maryton,Low,29,6.71,4,0,2,1,36,4806,17102,2023-12-03,Electronics,11,22,0.49,15,4,1
CUST1359,25,Male,Barbarachester,High,30,3.78,1,1,9,2,23,4204,28975,2024-02-19,Electronics,9,34,0.3,12,14,1
CUST1360,48,Male,East Margaret,Medium,19,4.18,1,1,10,2,34,1679,35376,2024-12-02,Fashion,0,36,0.93,8,11,0
CUST1361,31,Male,West Ian,Low,106,5.16,2,2,6,1,5,847,13452,2025-08-22,Grocery,0,17,0.88,46,19,0
CUST1362,37,Male,Daviston,Low,97,7.05,3,1,10,2,36,2118,21968,2024-12-25,Home,6,31,0.1,7,18,1
CUST1363,44,Female,East Zacharyland,Medium,84,3.75,2,1,3,1,28,3979,29857,2024-09-30,Fashion,4,12,0.76,20,26,0
CUST1364,32,Female,South Angela,Medium,5,3.92,2,1,3,2,6,3172,26103,2025-08-02,Fashion,5,50,0.99,31,22,0
CUST1365,47,Male,Mcclainshire,High,1,5.43,4,1,7,3,33,2066,3858,2024-04-11,Services,13,11,0.17,3,3,0
CUST1366,21,Male,Janetfort,Low,119,8.6,4,0,9,2,41,3866,3913,2024-07-28,Services,12,31,0.54,5,7,0
CUST1367,39,Male,Alantown,Low,96,2.53,3,2,3,2,44,2108,28223,2024-08-21,Home,7,47,0.88,18,10,1
CUST1368,44,Male,Romeroville,High,100,1.33,5,2,6,0,21,4764,5045,2024-09-02,Fashion,8,64,0.97,49,1,1
CUST1369,63,Female,Wrightville,Medium,23,7.23,5,2,3,2,23,889,31394,2025-04-14,Grocery,9,87,0.73,29,13,1
CUST1370,24,Female,Oliviaview,Low,111,0.83,1,0,7,2,38,4265,42380,2024-04-09,Grocery,3,35,0.01,32,20,1
CUST1371,48,Male,West Tara,High,46,1.78,4,0,10,3,49,3920,44710,2023-09-21,Grocery,3,48,0.45,30,16,1
CUST1372,46,Female,West Patrickfort,Medium,51,3.62,1,1,10,3,45,1872,37969,2025-03-05,Services,11,89,0.16,38,17,1
CUST1373,62,Male,South Amyfurt,Medium,69,3.28,3,1,7,2,20,1305,24653,2024-08-11,Grocery,14,79,0.95,19,9,0
CUST1374,48,Female,New Scotttown,Medium,71,4.11,3,0,3,5,39,1768,7234,2025-04-23,Fashion,15,41,0.42,40,20,0
CUST1375,62,Female,Huntton,Low,115,1.34,2,0,1,3,12,870,15848,2025-03-08,Services,19,67,0.26,26,15,0
CUST1376,36,Female,East Faith,Low,48,5.46,2,0,6,1,49,4078,5108,2025-09-06,Home,14,37,0.72,12,20,1
CUST1377,51,Other,Thomasstad,Medium,74,4.71,3,4,4,2,5,3599,46368,2024-05-29,Services,18,79,0.73,35,6,0
CUST1378,30,Male,New Jose,Low,18,2.72,6,0,1,1,18,504,49869,2024-10-23,Fashion,0,35,0.54,15,6,0
CUST1379,31,Female,Roytown,High,99,2.31,3,0,8,1,4,2576,26164,2025-06-28,Fashion,6,95,0.75,7,22,0
CUST1380,55,Female,Ginashire,Low,115,6.16,1,1,4,3,48,3283,23189,2024-01-11,Grocery,11,90,0.29,33,10,1
CUST1381,52,Male,Cartermouth,Low,51,6.36,4,1,4,3,3,1362,26272,2024-06-15,Services,12,85,0.18,36,6,0
CUST1382,41,Female,Lake Stevenmouth,Low,85,4.59,2,0,5,4,2,259,21342,2024-09-02,Home,6,50,0.32,12,16,0
CUST1383,33,Female,Gomezstad,Low,82,6.02,4,1,5,2,2,252,20736,2024-09-08,Electronics,1,5,0.75,27,4,1
CUST1384,44,Female,Joshuamouth,High,53,3.21,1,4,2,2,37,761,28417,2024-11-21,Home,11,90,0.76,32,3,0
CUST1385,52,Male,North Rebeccamouth,High,17,4.03,6,3,5,1,9,4083,6588,2024-12-02,Services,16,74,0.17,28,21,0
CUST1386,69,Female,North Cassandra,Medium,57,8.1,2,0,8,2,10,2540,13711,2024-08-20,Electronics,1,62,0.2,7,29,0
CUST1387,49,Female,South Paigeport,Medium,20,6.78,6,0,3,2,21,3034,11302,2024-08-01,Electronics,1,96,0.63,18,24,0
CUST1388,40,Female,North Jenniferville,Low,70,4.97,2,0,5,2,41,4420,742,2024-05-10,Electronics,18,38,0.95,17,1,0
CUST1389,48,Other,New Brianhaven,Medium,44,5.75,6,0,1,2,16,4342,43150,2024-09-20,Services,7,74,0.2,35,8,1
CUST1390,30,Female,Butlerton,Medium,36,5.52,1,0,7,0,24,245,11597,2024-03-05,Services,9,72,0.04,47,25,0
CUST1391,65,Female,South Jennifer,Medium,42,3.58,1,0,7,1,46,1662,4832,2025-06-18,Services,10,12,0.69,47,4,0
CUST1392,49,Female,Alanchester,High,42,6.46,0,0,4,2,47,1458,30910,2024-03-22,Grocery,12,40,0.39,33,7,0
CUST1393,61,Female,New Robertoberg,Low,25,7.87,3,2,4,3,44,1218,25057,2025-03-02,Fashion,19,4,0.28,12,19,0
CUST1394,33,Female,Lopezland,Low,69,7.89,1,2,1,2,13,4042,49729,2024-08-15,Home,6,51,0.41,29,24,1
CUST1395,52,Male,Amymouth,Medium,46,5.49,1,0,2,1,20,709,28190,2023-12-23,Home,4,82,0.18,30,15,0
CUST1396,50,Female,Jonesport,Low,79,1.69,4,1,8,4,30,3450,28049,2025-03-31,Electronics,6,87,0.08,0,13,1
CUST1397,63,Male,Wallacechester,Medium,67,5.96,4,0,9,1,23,1303,47254,2025-01-30,Grocery,18,63,0.71,4,9,1
CUST1398,24,Female,Williamberg,Low,1,5.62,3,1,7,1,7,1328,27065,2024-11-11,Home,7,29,0.55,37,7,0
CUST1399,21,Male,Richardport,High,110,5.06,2,0,10,2,8,4281,8894,2023-11-21,Fashion,15,9,0.8,41,13,1
CUST1400,26,Male,New Wandaborough,High,24,2.73,2,1,3,2,33,4456,33126,2024-05-01,Services,16,82,0.16,5,12,1
CUST1401,41,Male,South Benjamin,Medium,43,4.88,3,1,1,4,29,4862,7265,2023-09-14,Electronics,6,81,0.74,18,13,1
CUST1402,30,Male,Lindaside,High,93,3.55,1,1,3,2,29,3384,34601,2023-09-14,Grocery,17,66,0.86,0,8,1
CUST1403,58,Female,Myersmouth,Medium,49,5.39,1,0,1,3,43,3754,10745,2025-05-07,Fashion,18,32,0.65,46,5,1
CUST1404,64,Male,Kennedyhaven,Low,1,6.25,2,2,5,2,40,4279,40234,2025-05-08,Fashion,6,27,0.54,1,28,1
CUST1405,18,Female,Erikaland,Medium,61,2.01,4,1,3,1,44,2840,39402,2024-12-02,Fashion,5,74,0.75,21,24,1
CUST1406,33,Female,Jamiefort,Medium,75,4.53,4,1,7,5,43,495,3004,2025-08-24,Home,19,63,0.01,12,1,0
CUST1407,18,Female,Garciaberg,Low,6,7.26,3,0,3,3,12,987,4960,2024-10-07,Electronics,19,60,0.15,24,28,0
CUST1408,59,Male,Boltonton,Low,89,5.22,1,2,9,3,24,2925,17312,2024-08-12,Fashion,18,68,0.07,33,14,1
CUST1409,43,Female,Christinamouth,High,96,4.18,1,1,4,1,3,3724,31990,2024-05-28,Electronics,18,14,0.26,5,23,0
CUST1410,24,Other,New Maria,High,85,6.31,2,1,9,2,25,1456,26378,2025-02-25,Fashion,9,15,0.65,15,10,1
CUST1411,48,Male,Lake Paul,Medium,69,4.46,5,1,5,3,47,3544,29537,2023-12-28,Fashion,17,6,0.04,35,24,0
CUST1412,56,Male,East Joshua,Low,92,5.17,2,0,5,2,17,1873,26989,2025-08-18,Grocery,11,76,0.18,29,21,1
CUST1413,18,Male,West Brandon,Low,93,6.86,6,0,1,2,49,4883,33473,2025-03-09,Services,11,45,0.74,13,25,0
CUST1414,26,Male,Lake Zoeland,Medium,26,6.07,1,3,1,1,31,4410,21642,2025-08-31,Grocery,7,76,0.72,41,18,0
CUST1415,50,Male,Josephton,Medium,52,6.57,2,2,5,2,46,3864,24695,2025-03-14,Fashion,2,47,0.71,14,10,0
CUST1416,59,Male,Lake Tylerton,High,23,6.01,5,2,9,3,32,3405,26919,2025-07-10,Grocery,16,58,0.45,32,19,1
CUST1417,52,Female,Courtneyfurt,High,117,7.3,1,1,2,1,20,3162,13182,2024-03-26,Electronics,8,81,0.27,32,20,0
CUST1418,41,Other,North Jennifer,Low,110,6.18,5,0,2,4,28,2639,39823,2023-09-25,Electronics,3,42,0.56,48,25,1
CUST1419,43,Male,Port Allen,Medium,20,6.99,4,1,2,1,43,2083,22595,2024-10-22,Grocery,14,15,0.6,14,9,0
CUST1420,52,Male,Rebeccastad,High,42,3.11,2,0,6,3,42,4727,11118,2025-02-15,Services,12,11,0.32,39,10,0
CUST1421,51,Female,Curtisside,Medium,80,2.6,2,3,3,2,49,2227,3802,2024-01-28,Electronics,4,55,0.8,15,14,0
CUST1422,31,Other,Solomonfurt,Low,105,3.35,6,1,8,1,29,4754,38731,2025-01-29,Grocery,16,65,0.39,31,7,1
CUST1423,62,Other,North Lynn,Low,28,3.26,4,1,9,1,45,3625,17747,2024-10-06,Home,11,47,0.73,45,7,1
CUST1424,20,Female,Alyssamouth,Medium,35,3.95,3,2,8,2,29,720,21285,2025-09-11,Grocery,16,95,0.54,13,19,0
CUST1425,65,Male,Contrerasland,Low,44,6.34,3,0,4,1,0,1743,10371,2024-07-19,Electronics,4,8,0.5,29,13,0
CUST1426,31,Male,New Grace,Medium,69,5.89,5,0,2,4,48,694,20851,2024-01-31,Services,5,61,0.43,30,12,1
CUST1427,28,Female,Gilmoreview,Low,99,9.12,2,0,10,2,37,3538,10007,2025-08-18,Home,0,80,0.17,34,7,1
CUST1428,35,Female,Amyshire,Medium,5,4.03,0,0,8,3,9,1276,9025,2025-01-04,Electronics,4,59,0.07,18,29,1
CUST1429,35,Female,Danielborough,Low,59,5.15,6,1,2,2,45,4967,48152,2025-02-23,Home,0,89,0.9,27,27,1
CUST1430,20,Male,North Robertmouth,Medium,49,8.48,7,2,1,2,46,244,49209,2024-09-19,Home,9,90,0.29,37,0,1
CUST1431,34,Female,Port Alan,Medium,83,5.33,7,1,2,2,7,878,28352,2025-05-19,Electronics,18,29,0.74,1,2,0
CUST1432,34,Male,North Debrastad,Low,28,5.86,7,0,4,1,21,3920,3788,2025-03-06,Fashion,17,68,0.16,18,29,0
CUST1433,45,Female,East Thomaschester,Low,94,7.03,3,0,7,4,27,3665,25249,2025-03-12,Home,11,35,0.21,26,26,0
CUST1434,33,Female,Stephanieshire,Medium,22,4.88,3,1,7,1,32,159,8675,2024-02-25,Home,15,47,0.21,10,19,1
CUST1435,61,Female,East Sheribury,High,101,6.88,3,2,10,0,12,4685,25064,2024-08-20,Grocery,10,64,0.51,14,17,1
CUST1436,68,Female,Lake Angelahaven,Low,43,4.99,4,0,9,2,38,3029,19848,2025-03-06,Fashion,16,17,0.1,30,2,1
CUST1437,54,Male,Huffstad,Medium,90,2.26,2,0,9,0,34,1919,44818,2025-06-08,Electronics,15,3,0.09,4,24,0
CUST1438,64,Female,Mariemouth,High,34,3.45,5,1,6,1,6,1209,23241,2024-01-03,Grocery,7,30,0.43,3,10,0
CUST1439,23,Male,Johnsonside,Medium,104,3.8,3,0,2,1,31,2692,31904,2025-06-27,Home,16,7,0.29,32,20,1
CUST1440,20,Female,East Daniellemouth,High,102,3.74,1,1,1,2,2,2575,1201,2024-02-13,Electronics,16,30,0.88,4,16,0
CUST1441,34,Female,Thomasfort,Low,17,0.2,3,1,6,1,38,574,1875,2025-07-07,Home,13,83,0.33,0,13,0
CUST1442,54,Male,Boonemouth,Low,25,4.34,4,3,2,2,14,4482,17477,2025-03-08,Fashion,0,23,0.94,23,22,0
CUST1443,49,Male,Port Marytown,Medium,118,5.16,3,3,3,3,34,2942,30019,2024-05-05,Grocery,7,1,0.87,22,22,1
CUST1444,34,Male,South Ronaldbury,Low,30,5.33,4,1,9,3,32,4334,47803,2024-04-03,Fashion,8,7,0.19,37,24,1
CUST1445,32,Female,New Richardtown,Low,101,5.58,2,1,5,3,5,1856,45672,2023-12-02,Fashion,2,10,0.21,15,0,1
CUST1446,67,Male,North Miguel,High,16,5.1,3,0,3,0,19,3448,37446,2025-04-20,Fashion,9,90,0.91,43,7,1
CUST1447,44,Male,North Matthewmouth,Medium,50,5.85,2,1,10,0,44,2861,541,2025-04-05,Services,16,86,0.9,32,0,0
CUST1448,66,Female,Sheliashire,Medium,63,3.28,1,1,2,4,11,502,22855,2024-01-09,Grocery,6,72,0.25,25,18,0
CUST1449,20,Female,South Jose,High,110,3.59,0,0,5,4,6,1374,24173,2024-07-12,Electronics,7,62,0.35,25,22,1
CUST1450,40,Female,Julieton,Medium,87,6.02,1,0,1,2,4,2646,36046,2025-01-24,Grocery,14,77,0.36,7,25,0
CUST1451,52,Female,Port Joanburgh,Low,27,7.77,6,1,10,1,47,2480,7831,2024-07-07,Services,10,5,0.66,2,22,1
CUST1452,68,Male,Fisherton,High,44,7.53,1,3,3,1,1,2570,42013,2024-02-14,Services,3,94,0.08,19,5,1
CUST1453,20,Male,West Travisberg,Medium,12,4.0,4,1,6,1,23,4732,34042,2024-05-22,Services,16,86,0.11,30,23,1
CUST1454,18,Female,Washingtonshire,Medium,97,4.52,2,2,2,4,5,616,45871,2025-06-04,Home,19,71,0.41,46,13,1
CUST1455,67,Female,Lake Thomas,Low,110,6.34,5,3,2,2,48,4175,48250,2024-09-20,Fashion,8,76,0.9,30,20,1
CUST1456,18,Male,Ryanmouth,Low,104,6.08,3,0,8,4,36,2380,2414,2025-06-11,Fashion,13,26,0.66,46,29,1
CUST1457,40,Male,East Travistown,Medium,2,6.9,5,2,2,1,13,2050,13889,2025-07-25,Electronics,17,62,0.74,38,3,0
CUST1458,64,Male,Kennedyfurt,Low,101,6.09,2,1,2,1,48,1359,13411,2024-01-16,Grocery,16,91,0.73,41,17,0
CUST1459,53,Female,South Angelaton,High,114,8.34,4,0,4,1,28,3401,13570,2024-05-08,Electronics,18,47,0.31,0,18,1
CUST1460,48,Female,Timothyburgh,Medium,46,1.47,4,2,9,0,18,875,48299,2024-07-03,Services,17,57,0.97,18,22,0
CUST1461,46,Female,West Kurt,Medium,11,6.72,2,1,8,2,9,1313,32109,2024-11-06,Grocery,17,93,0.01,35,5,0
CUST1462,61,Male,Sanchezbury,High,55,1.83,2,0,10,1,42,3479,15901,2024-10-01,Grocery,14,68,0.42,40,6,1
CUST1463,51,Female,Sharpton,Low,65,4.22,2,1,4,3,13,1529,31237,2023-11-11,Services,0,1,0.55,32,2,0
CUST1464,66,Male,Lake Kelly,Medium,21,5.48,1,1,1,2,41,3124,49030,2025-06-07,Grocery,1,81,0.67,4,12,0
CUST1465,68,Female,South Shannonmouth,Medium,26,3.92,2,1,6,4,2,4896,49543,2025-04-22,Electronics,5,59,0.73,21,5,1
CUST1466,45,Female,Salasland,Medium,114,5.99,4,2,1,5,35,3645,7756,2025-08-09,Services,18,61,0.57,27,14,0
CUST1467,53,Female,South Natasha,High,35,4.93,1,1,10,1,8,4253,1148,2024-07-08,Fashion,4,18,0.52,19,15,0
CUST1468,66,Male,Sarahbury,Low,114,3.93,5,3,8,1,15,323,12209,2023-12-05,Services,9,9,0.35,31,23,0
CUST1469,55,Male,South Nicholasville,Low,119,4.55,3,0,7,5,29,4961,15346,2024-06-24,Fashion,15,52,0.75,8,16,1
CUST1470,19,Female,Port Christopher,Medium,99,7.93,4,2,3,5,35,3705,39884,2025-03-10,Grocery,6,77,0.33,17,15,1
CUST1471,68,Male,Stevenfort,High,4,6.38,2,0,4,1,43,451,29755,2025-08-19,Grocery,7,40,0.7,36,24,0
CUST1472,23,Male,Claytonmouth,Low,47,5.26,3,0,8,5,14,2451,18157,2024-02-25,Fashion,4,12,0.57,42,12,1
CUST1473,69,Male,Austinstad,Low,25,2.49,4,1,1,3,49,504,24327,2024-03-04,Home,6,19,0.72,11,12,0
CUST1474,51,Female,Andrewburgh,High,21,6.74,4,1,10,1,40,4721,30717,2024-12-31,Grocery,8,11,0.95,46,21,1
CUST1475,68,Female,Matthewland,Medium,111,5.6,3,1,10,1,10,3840,16932,2023-12-12,Fashion,12,86,0.71,14,11,1
CUST1476,59,Female,Stacyfort,Medium,45,5.36,2,1,3,0,25,1216,38932,2023-10-05,Services,8,75,0.94,13,24,0
CUST1477,41,Male,Lake Benjamin,Medium,61,5.97,4,0,4,4,30,1465,6581,2025-06-06,Fashion,5,89,0.11,38,27,0
CUST1478,57,Male,Dorisstad,Medium,79,5.63,2,0,9,2,36,2894,26734,2025-01-25,Grocery,9,36,0.68,19,0,1
CUST1479,62,Female,Nelsonview,High,66,8.72,1,1,1,2,21,4619,9218,2025-05-04,Electronics,19,79,0.0,16,2,0
CUST1480,24,Male,Moonfort,Low,102,6.71,1,0,3,3,36,3077,49340,2023-11-21,Grocery,18,54,0.15,20,15,1
CUST1481,28,Female,Lake Madison,Medium,2,5.52,1,2,6,3,20,1183,43480,2023-11-26,Electronics,8,73,0.57,9,28,0
CUST1482,22,Female,Anitaport,High,102,4.18,5,0,8,2,8,2642,8661,2024-05-24,Services,19,65,0.37,21,25,0
CUST1483,59,Male,Port Laura,High,57,4.57,2,1,1,3,46,2258,10057,2024-06-06,Home,5,89,0.88,2,9,0
CUST1484,26,Male,New Jessica,Medium,52,5.27,3,1,5,2,13,3455,34991,2024-04-21,Electronics,18,91,0.51,10,11,1
CUST1485,50,Male,Allisonside,Low,46,4.07,2,1,1,2,14,4414,3893,2024-11-28,Grocery,15,12,0.63,31,25,0
CUST1486,34,Female,Murrayshire,Medium,88,4.89,7,1,7,0,15,2459,34949,2025-06-24,Electronics,13,72,0.44,15,11,0
CUST1487,60,Female,Tranberg,Low,57,5.61,5,1,10,1,36,4149,20513,2025-02-10,Electronics,19,88,0.71,26,10,0
CUST1488,58,Other,Jonesmouth,Medium,63,3.54,2,2,5,1,22,696,48457,2024-02-29,Electronics,19,93,0.27,32,7,1
CUST1489,53,Female,Natalieville,Medium,94,3.64,0,1,7,4,18,4906,28016,2025-09-04,Home,10,34,0.25,20,17,1
CUST1490,67,Male,Kevinhaven,High,51,6.96,1,1,10,2,18,2997,36322,2025-08-18,Fashion,13,60,0.76,30,5,1
CUST1491,47,Female,East Paul,Medium,91,7.34,3,0,4,3,10,1702,27813,2024-12-04,Home,10,17,0.37,16,21,0
CUST1492,46,Female,Austinburgh,Medium,101,1.27,4,1,2,2,46,2260,36151,2024-10-05,Grocery,4,64,0.3,38,23,0
CUST1493,26,Male,West Randy,Low,102,6.47,3,1,1,1,34,2734,18467,2023-12-14,Fashion,3,9,0.59,48,1,0
CUST1494,29,Male,New Jared,Low,26,10.11,1,1,3,3,29,3492,4119,2024-11-02,Services,6,47,0.75,2,24,1
CUST1495,53,Female,East Nancyport,Medium,105,7.13,5,1,3,2,21,3325,34053,2024-12-23,Services,8,74,0.9,45,3,1
CUST1496,30,Female,Smithshire,Low,48,2.06,3,3,6,1,13,3909,32951,2023-12-13,Home,4,21,0.4,27,8,0
CUST1497,54,Female,Sonyahaven,Medium,60,6.31,0,1,4,2,47,3009,9264,2025-05-22,Grocery,2,25,0.74,29,15,0
CUST1498,27,Male,Lake Jonathanside,Low,110,5.58,1,1,9,1,14,4682,832,2024-07-08,Fashion,14,50,0.94,41,2,1
CUST1499,69,Female,Keithshire,Medium,28,4.68,4,1,10,4,17,4374,35218,2024-06-26,Services,15,42,0.73,26,1,1
CUST1500,69,Female,Johnsonstad,Medium,112,4.74,3,2,10,1,46,3739,17790,2024-12-08,Home,10,73,0.31,38,10,1
CUST1501,60,Female,Jonesmouth,Low,49,3.42,1,0,7,0,22,878,43777,2025-03-26,Fashion,14,11,0.84,34,15,1
CUST1502,26,Male,Jeffreyfort,Medium,45,-0.76,3,1,10,3,39,3612,36351,2024-01-14,Grocery,13,37,0.16,22,10,1
CUST1503,30,Female,Cesarborough,Low,88,5.16,1,2,10,1,29,2504,31334,2023-11-07,Grocery,19,36,0.59,18,19,0
CUST1504,69,Male,Thomasburgh,Low,112,2.58,3,1,10,1,3,1508,34850,2025-01-04,Electronics,9,44,0.15,28,17,1
CUST1505,47,Female,South Kelly,Medium,116,4.1,4,0,6,2,14,3264,13980,2025-01-01,Services,6,12,0.22,44,4,1
CUST1506,39,Female,West Emilyborough,High,113,5.03,5,2,1,0,6,2453,32952,2025-03-23,Home,6,5,0.71,36,7,0
CUST1507,35,Male,Timothystad,Medium,80,8.5,1,0,2,3,30,2909,28973,2024-09-24,Fashion,10,77,0.5,17,14,0
CUST1508,25,Male,Brettchester,Medium,58,2.7,0,1,1,3,31,2036,1331,2024-09-07,Grocery,12,25,0.1,23,24,0
CUST1509,68,Male,Mcgeeview,Medium,24,5.04,3,1,1,3,14,2194,38152,2024-04-13,Home,12,8,0.08,22,5,0
CUST1510,20,Female,Joshuabury,High,20,7.7,0,2,3,2,24,1296,32868,2024-01-01,Fashion,19,6,0.55,47,19,0
CUST1511,54,Male,Hudsonville,Medium,99,4.16,3,0,4,3,13,783,20800,2024-04-28,Fashion,0,93,0.1,1,24,0
CUST1512,28,Male,Adamburgh,Medium,1,1.46,6,0,4,1,17,919,23460,2024-12-23,Grocery,12,59,0.67,44,29,1
CUST1513,55,Male,Markstown,Medium,75,5.28,6,2,6,3,33,2349,24816,2025-07-24,Electronics,14,24,0.35,2,19,0
CUST1514,60,Female,Williamborough,Medium,64,3.02,1,2,10,3,17,3471,19726,2025-02-02,Grocery,15,66,0.49,44,23,0
CUST1515,63,Male,Danielsburgh,Medium,67,5.31,2,0,1,1,26,3031,28704,2024-04-06,Services,18,83,0.48,8,2,0
CUST1516,48,Male,Crystalshire,High,78,5.35,3,0,7,1,38,3285,26627,2025-03-29,Grocery,19,52,0.92,27,6,0
CUST1517,50,Male,Martinmouth,Medium,60,4.54,3,1,2,3,43,4912,31424,2024-12-10,Grocery,15,24,0.85,33,18,1
CUST1518,44,Female,West Nicoleshire,Medium,17,3.76,3,0,7,1,2,3945,17570,2024-04-23,Grocery,6,50,0.95,44,5,0
CUST1519,38,Female,Loweryport,Low,34,6.73,1,2,6,1,49,3216,13316,2023-09-25,Fashion,9,6,0.28,17,11,0
CUST1520,46,Female,East Meganside,Medium,82,0.57,3,1,9,4,49,2781,19866,2025-07-05,Services,9,45,0.96,4,17,0
CUST1521,54,Female,South Mike,Medium,113,5.1,1,1,9,1,29,2601,44710,2024-04-03,Electronics,9,66,0.25,30,24,1
CUST1522,43,Female,Hollyburgh,Medium,72,5.27,1,3,6,3,2,4854,49846,2024-03-24,Services,0,30,0.18,35,9,0
CUST1523,68,Female,Jamesfort,Medium,76,7.44,2,0,9,1,29,3842,2520,2023-12-11,Electronics,12,19,0.13,36,2,0
CUST1524,36,Male,Howellmouth,High,60,4.25,2,0,5,5,9,842,26110,2025-08-21,Home,9,5,0.61,24,27,0
CUST1525,20,Male,Josephhaven,Medium,104,3.25,3,1,8,1,2,3033,13406,2025-06-29,Fashion,18,70,0.8,18,23,1
CUST1526,64,Female,Diazland,Medium,10,4.38,3,1,3,6,28,436,16778,2024-01-07,Services,14,97,0.1,48,10,1
CUST1527,60,Female,Port Ashleystad,Medium,108,3.21,4,0,9,1,46,854,48359,2025-08-24,Electronics,13,17,0.75,35,7,1
CUST1528,41,Male,Patrickhaven,Low,41,4.26,2,2,4,3,32,557,6622,2025-08-29,Grocery,18,38,0.15,13,2,0
CUST1529,52,Female,West Julie,Low,44,7.11,2,1,1,2,23,1943,18481,2025-04-09,Grocery,6,24,0.51,39,3,1
CUST1530,60,Male,Finleychester,Medium,89,4.29,3,1,5,2,2,2530,49515,2023-12-09,Grocery,19,72,0.06,43,15,1
CUST1531,20,Male,Jerryfort,Medium,89,7.97,2,0,2,2,15,428,4855,2024-02-08,Electronics,17,34,0.37,17,6,0
CUST1532,56,Female,Wrightmouth,Medium,78,5.81,0,1,10,0,49,3170,12209,2025-05-07,Grocery,13,3,0.8,43,22,0
CUST1533,27,Female,Smallton,Medium,20,7.18,4,0,8,3,37,708,32227,2023-12-05,Grocery,11,81,0.5,16,5,1
CUST1534,24,Female,Port Madisonhaven,Low,76,3.38,5,0,7,1,27,3949,813,2025-08-27,Electronics,0,73,0.15,37,5,0
CUST1535,39,Female,Robertstad,Low,97,4.12,3,1,2,4,6,4488,44445,2024-03-24,Fashion,11,90,0.99,2,10,0
CUST1536,30,Female,South Peterview,High,30,4.4,1,2,6,3,26,174,29935,2025-07-26,Grocery,3,42,0.09,13,15,0
CUST1537,21,Female,Morrisberg,Medium,100,5.14,1,1,10,3,0,2848,8800,2023-09-23,Electronics,15,49,0.77,9,8,1
CUST1538,41,Male,North James,High,17,6.06,1,1,3,4,29,4628,15239,2024-01-12,Electronics,12,63,0.95,39,10,1
CUST1539,46,Male,New Stevenside,Medium,17,4.65,2,1,5,0,35,1423,33455,2024-02-29,Services,19,31,0.09,45,5,1
CUST1540,66,Male,Deniseshire,Medium,10,4.62,11,2,9,1,26,4933,33176,2024-07-03,Grocery,0,98,0.59,40,24,1
CUST1541,66,Female,West Wandabury,Medium,53,4.78,7,1,5,2,14,1761,46434,2024-11-05,Electronics,17,54,0.14,25,24,1
CUST1542,24,Female,Clarkville,Medium,37,8.04,1,3,8,3,26,1009,18086,2025-02-22,Grocery,16,69,0.5,18,2,1
CUST1543,21,Male,East Cherylborough,Medium,15,5.55,5,0,4,3,4,792,33765,2024-02-11,Fashion,17,93,0.66,15,8,1
CUST1544,18,Male,Lake Andrewburgh,Medium,5,5.38,1,0,6,1,10,4473,46824,2024-05-30,Electronics,3,31,0.86,10,28,0
CUST1545,62,Female,South Steven,Medium,55,7.25,6,0,10,7,4,1506,42820,2024-04-08,Services,15,24,0.59,28,16,1
CUST1546,42,Female,Webstertown,Medium,79,6.75,1,0,6,3,34,856,13316,2024-11-12,Services,0,8,0.36,11,28,0
CUST1547,20,Female,Stevenburgh,High,109,2.63,3,0,10,1,15,2087,32112,2023-10-31,Home,6,45,0.25,8,24,1
CUST1548,57,Female,Maryburgh,Low,104,5.01,7,0,4,1,32,313,44390,2025-06-20,Electronics,4,21,0.18,22,4,0
CUST1549,58,Female,Russoland,Medium,96,6.85,1,0,3,2,21,2331,10554,2024-03-29,Fashion,7,60,0.73,19,12,0
CUST1550,25,Male,New Gregory,Low,63,4.85,2,1,5,0,16,3907,22171,2025-06-18,Fashion,10,34,0.55,48,22,0
CUST1551,65,Male,Mullenbury,Medium,2,3.49,4,2,9,4,36,1427,23921,2025-02-28,Fashion,17,9,0.59,33,7,1
CUST1552,59,Male,Harristown,Medium,75,2.7,2,1,5,0,36,4085,35214,2024-05-29,Services,8,18,0.23,21,29,1
CUST1553,56,Female,Tonyfurt,High,40,1.44,2,0,10,3,34,701,2415,2025-08-21,Services,9,29,0.26,22,2,0
CUST1554,45,Male,Laraville,Medium,8,7.01,3,0,2,1,32,1208,31459,2024-09-15,Electronics,7,0,0.51,20,0,1
CUST1555,27,Male,Reginamouth,Medium,61,4.13,5,1,9,0,12,4567,38754,2023-11-21,Home,16,29,0.88,45,10,1
CUST1556,37,Male,Mariashire,High,67,4.38,3,0,10,3,11,4369,13762,2024-06-16,Services,5,45,0.53,20,16,0
CUST1557,60,Female,Martinezport,Medium,92,5.4,3,0,8,0,23,1478,10376,2024-05-30,Electronics,16,87,0.97,35,2,1
CUST1558,51,Female,New Christina,High,28,4.73,4,1,2,2,29,994,21635,2023-12-23,Electronics,8,44,0.12,10,22,0
CUST1559,51,Female,West Brian,Medium,25,6.53,1,3,7,2,6,1484,35411,2023-10-15,Services,17,15,0.03,37,18,1
CUST1560,18,Other,Rodriguezfurt,High,30,3.45,5,0,6,0,44,1958,27689,2025-04-09,Fashion,1,5,0.53,0,23,0
CUST1561,20,Other,New Amy,Low,108,2.6,3,3,10,4,20,1968,28918,2025-03-31,Services,19,59,0.87,26,22,1
CUST1562,67,Female,New Daniel,Medium,38,6.66,2,2,4,3,9,1402,33912,2025-03-31,Services,3,9,0.86,39,6,0
CUST1563,41,Male,West Elijah,Medium,73,4.57,4,2,8,3,20,2169,14985,2024-07-28,Home,13,6,0.68,4,10,1
CUST1564,39,Male,Kingmouth,Low,32,6.92,2,1,9,3,36,1495,37055,2023-10-17,Services,8,14,0.9,16,23,0
CUST1565,26,Female,Lake Janetbury,Medium,102,5.87,3,1,7,3,33,3044,42483,2024-03-16,Home,14,10,0.76,43,15,1
CUST1566,53,Male,West Monicaberg,High,113,6.96,5,2,7,0,17,3785,3210,2023-10-03,Grocery,0,40,0.6,13,1,0
CUST1567,63,Male,Kimberlyton,High,69,8.41,2,0,1,3,1,3675,13479,2024-12-04,Electronics,10,25,0.53,43,15,0
CUST1568,60,Male,North Ryanton,Medium,92,5.81,2,1,6,1,5,3378,45499,2025-08-13,Home,2,50,0.26,15,7,0
CUST1569,40,Male,Williamsberg,Low,11,3.24,2,0,1,4,1,2720,9928,2024-10-21,Services,13,65,0.56,0,23,0
CUST1570,39,Female,North Stephanieberg,Medium,110,4.03,0,0,2,2,15,4264,46479,2024-07-15,Services,9,36,0.16,7,1,1
CUST1571,59,Female,South Philliphaven,High,19,8.44,0,3,6,0,25,3675,38621,2025-01-26,Electronics,11,78,0.7,12,20,1
CUST1572,20,Male,Zacharyburgh,Medium,19,5.07,3,0,4,0,26,290,26248,2025-04-15,Fashion,6,42,0.02,47,7,1
CUST1573,40,Female,East Daniel,Low,26,5.28,5,2,2,1,17,153,10606,2025-06-22,Electronics,12,37,0.88,45,9,0
CUST1574,56,Female,Savageview,Medium,72,7.59,3,1,7,5,39,2945,33349,2024-12-14,Fashion,19,69,0.89,28,12,0
CUST1575,39,Female,Latashastad,High,40,4.38,4,0,7,0,41,4727,37228,2024-11-15,Fashion,17,84,0.49,33,29,1
CUST1576,46,Female,West Adrianton,Low,80,6.02,7,1,7,2,30,171,7513,2024-12-29,Electronics,3,42,0.52,47,5,1
CUST1577,29,Male,Shannonport,Medium,92,4.67,7,0,9,2,20,3012,22963,2025-07-08,Fashion,16,83,0.63,15,8,0
CUST1578,55,Other,West Andrewside,Low,118,6.17,5,0,4,1,4,632,19123,2024-11-17,Electronics,3,40,0.95,1,17,0
CUST1579,20,Female,Lake Yolanda,Low,84,8.73,4,2,1,3,39,1392,15752,2024-03-17,Fashion,15,21,0.35,17,17,0
CUST1580,44,Female,West Douglas,Low,61,6.59,2,0,4,1,28,4157,4994,2024-10-04,Fashion,11,46,0.4,27,9,1
CUST1581,30,Female,Harrisville,Medium,43,4.57,1,2,10,3,23,3816,27292,2024-12-14,Fashion,0,8,0.4,26,12,1
CUST1582,24,Male,West George,Medium,33,6.21,8,2,8,1,4,3378,28693,2025-05-05,Home,7,99,0.63,2,8,1
CUST1583,40,Female,South Katherineland,Medium,16,4.28,2,2,8,3,6,143,13857,2025-01-20,Fashion,12,1,0.7,16,24,1
CUST1584,33,Male,Dyershire,Medium,41,4.77,1,0,5,1,4,4745,4016,2023-10-17,Home,5,5,0.1,11,14,1
CUST1585,62,Female,Raymouth,Medium,118,2.66,2,3,2,0,35,2594,13296,2024-08-21,Services,17,47,0.31,39,0,1
CUST1586,60,Male,Delacruzberg,Medium,30,5.4,2,2,1,5,20,3068,30344,2024-02-29,Fashion,13,43,0.29,28,29,0
CUST1587,64,Male,South Terriborough,Low,21,5.8,1,0,8,2,12,3154,18522,2025-05-22,Grocery,11,20,0.81,37,5,1
CUST1588,26,Female,Hardinview,Medium,5,4.9,2,0,5,1,31,3653,41784,2024-07-17,Services,5,67,0.12,47,22,1
CUST1589,66,Female,Blackburnhaven,Medium,98,6.45,2,2,4,1,11,1078,25939,2024-11-30,Services,11,47,0.05,19,23,0
CUST1590,26,Male,Port Michelle,High,23,5.18,1,2,3,1,13,2593,43328,2024-10-24,Grocery,10,33,1.0,13,24,1
CUST1591,62,Male,North Lauraside,High,100,5.83,4,3,9,0,43,1658,36652,2025-08-17,Home,11,57,0.03,0,29,1
CUST1592,46,Male,New Alextown,Low,88,5.14,5,0,5,6,6,3344,13829,2025-05-15,Grocery,19,86,0.09,37,23,1
CUST1593,58,Female,Figueroamouth,High,78,3.4,4,1,3,2,21,3037,25850,2025-04-03,Services,12,61,0.82,7,12,1
CUST1594,61,Female,Greenview,Medium,101,4.15,5,3,5,3,33,2008,31806,2025-05-09,Services,15,93,0.01,2,25,0
CUST1595,64,Female,Pamelaborough,Medium,86,4.46,3,2,1,1,8,2418,49228,2024-05-13,Services,13,59,0.19,7,12,1
CUST1596,32,Male,Port Stevenfurt,Medium,17,5.71,4,2,6,1,32,822,35986,2025-01-23,Services,4,27,0.05,49,2,0
CUST1597,54,Male,East Steven,Medium,108,6.29,1,1,5,0,25,665,19411,2025-09-01,Grocery,13,73,0.95,46,25,0
CUST1598,19,Male,Mannshire,Medium,53,5.75,1,0,8,2,47,3981,17908,2025-04-30,Grocery,4,78,0.08,16,11,1
CUST1599,40,Male,New Jenniferton,Medium,85,2.59,0,1,1,2,18,3328,19193,2024-09-16,Electronics,16,90,0.04,19,22,1
CUST1600,66,Female,South Angelicamouth,Medium,8,5.29,4,2,7,1,33,237,5715,2024-04-28,Grocery,2,49,0.0,35,20,1
CUST1601,64,Male,Lauriefurt,Low,93,7.73,6,0,5,3,20,2376,31728,2025-05-25,Grocery,16,1,0.38,10,17,0
CUST1602,59,Male,Granthaven,Medium,78,7.73,5,0,8,2,16,2082,12396,2024-07-02,Fashion,5,27,0.08,32,29,1
CUST1603,47,Male,East Jason,Medium,109,5.58,2,0,8,2,5,3178,3701,2025-07-26,Fashion,13,83,0.0,36,7,0
CUST1604,49,Female,Grayside,High,10,5.79,1,0,1,6,30,1331,5269,2023-12-09,Electronics,15,92,0.09,35,22,0
CUST1605,26,Male,North John,High,78,2.83,6,0,9,3,41,3406,4345,2024-01-05,Electronics,18,87,0.9,42,18,1
CUST1606,45,Male,Sellersstad,Low,27,6.69,2,2,8,2,26,3398,16262,2024-02-07,Services,3,38,0.09,14,22,0
CUST1607,37,Male,Hansenberg,Medium,60,6.47,4,1,9,0,23,2105,44999,2024-10-11,Grocery,19,84,0.42,14,28,1
CUST1608,39,Female,Charlottemouth,Medium,94,6.68,2,0,4,1,0,2976,49613,2025-05-10,Fashion,0,16,0.32,36,25,0
CUST1609,55,Male,Shawnborough,Low,74,7.12,3,0,6,2,27,4232,12756,2024-08-16,Electronics,11,20,0.15,27,1,0
CUST1610,44,Other,East Cory,Low,116,1.65,2,3,1,3,45,2387,29484,2024-06-20,Fashion,4,73,0.42,40,25,1
CUST1611,33,Female,Lake Leslie,Low,109,7.99,4,0,10,1,34,2895,34223,2024-07-19,Services,6,87,0.03,35,12,1
CUST1612,51,Male,New Destiny,Low,104,7.97,1,2,6,0,19,3322,30694,2024-10-19,Grocery,13,25,0.26,4,11,1
CUST1613,54,Male,Bryanmouth,Medium,28,2.67,0,2,7,3,18,907,38366,2023-10-28,Grocery,7,58,0.62,44,21,1
CUST1614,40,Female,West Travis,High,82,0.52,1,1,1,3,37,2352,8338,2024-11-05,Home,11,0,0.23,39,21,0
CUST1615,18,Female,Port Heatherberg,High,66,5.1,3,2,9,5,45,4814,26925,2024-01-11,Electronics,19,94,0.43,12,8,1
CUST1616,43,Female,Lopezmouth,Low,84,5.36,7,0,2,2,27,827,37601,2023-11-13,Home,9,45,0.1,46,23,1
CUST1617,20,Female,New Leah,Medium,118,2.73,1,0,4,2,27,4715,22763,2025-04-21,Electronics,7,72,0.41,20,22,0
CUST1618,48,Female,Lindahaven,Medium,80,3.55,2,0,2,0,18,607,10015,2024-09-20,Home,8,84,0.56,13,29,0
CUST1619,30,Female,New Virginia,Low,63,6.55,3,1,7,1,27,3048,4468,2024-05-27,Grocery,12,60,0.17,39,2,0
CUST1620,67,Female,Port Joanne,High,117,4.03,1,1,1,5,0,3992,41096,2023-11-15,Electronics,14,89,0.44,12,9,1
CUST1621,51,Male,West Keithview,Low,42,1.16,5,2,4,4,7,3551,38759,2025-03-21,Fashion,15,75,0.44,32,26,1
CUST1622,47,Male,Lopezburgh,Medium,2,9.07,3,1,9,1,15,1948,37221,2024-05-18,Grocery,7,67,0.53,33,4,1
CUST1623,34,Male,New Christine,High,1,1.19,1,1,6,0,8,4059,11583,2023-09-22,Electronics,18,25,0.96,4,14,0
CUST1624,40,Male,North Josephport,Medium,73,6.84,2,1,7,1,47,454,4247,2025-03-01,Grocery,5,56,0.33,22,20,0
CUST1625,46,Female,Port Bruce,High,110,5.08,3,1,1,1,20,4767,7229,2025-07-24,Services,19,32,0.91,49,14,1
CUST1626,18,Female,Port Theresaville,Medium,52,3.33,3,0,3,6,0,955,34457,2024-08-01,Grocery,11,65,0.48,30,17,0
CUST1627,52,Female,Markborough,Medium,32,2.33,3,1,5,2,34,1486,17192,2024-11-11,Electronics,18,9,0.38,27,27,0
CUST1628,37,Male,South Danamouth,Low,11,3.57,1,2,4,4,43,1724,7893,2024-06-03,Fashion,3,36,0.91,23,25,0
CUST1629,60,Male,Maxwellside,Low,103,5.04,3,0,6,1,48,3585,29482,2025-03-16,Fashion,15,83,0.44,36,9,1
CUST1630,44,Female,Port Catherinetown,Low,23,4.11,3,0,5,5,45,2064,27430,2025-08-20,Fashion,12,87,0.4,0,23,1
CUST1631,38,Male,North Nancymouth,Low,101,3.89,3,0,9,2,17,4750,20197,2024-06-09,Electronics,7,74,0.69,48,10,1
CUST1632,40,Male,Gregoryburgh,Low,87,6.78,2,1,7,1,37,2800,46853,2024-05-31,Home,8,11,0.66,7,20,1
CUST1633,52,Female,Port Rebeccachester,Medium,26,5.88,1,1,5,2,18,1964,9778,2024-02-15,Fashion,18,70,0.64,31,10,1
CUST1634,51,Female,Dawnfort,Medium,33,-0.67,1,1,4,0,27,2238,34912,2024-12-12,Grocery,19,13,0.34,46,16,1
CUST1635,37,Male,Kentshire,Medium,81,3.43,4,2,6,2,11,440,11857,2024-10-19,Services,12,1,0.28,43,4,1
CUST1636,32,Female,Katieview,Low,71,5.19,1,0,2,6,23,4666,23697,2025-01-18,Services,2,61,0.46,40,28,0
CUST1637,36,Female,Amymouth,Medium,1,4.47,3,1,1,1,16,3679,40175,2025-03-13,Fashion,2,5,0.18,3,11,1
CUST1638,49,Male,East Alyssa,Low,75,8.13,3,0,1,3,2,1465,24347,2023-12-16,Grocery,2,46,0.74,11,17,1
CUST1639,60,Male,Samanthaport,High,50,4.35,3,0,10,2,16,1621,6313,2024-05-18,Services,6,28,0.61,27,24,1
CUST1640,30,Male,Hartmouth,High,79,0.22,2,2,7,0,41,274,32153,2024-11-02,Fashion,1,59,0.38,0,25,0
CUST1641,46,Male,Danielville,Low,56,8.51,2,1,3,1,10,3631,29468,2025-01-09,Electronics,1,90,0.77,22,19,0
CUST1642,56,Male,Port Cynthia,Medium,95,5.25,0,0,7,3,15,3096,34797,2024-11-28,Services,0,79,0.37,32,11,1
CUST1643,41,Male,Mannhaven,Medium,91,4.87,2,1,10,1,41,4440,15850,2024-09-29,Fashion,0,29,0.87,45,7,1
CUST1644,23,Male,Petersonstad,Medium,88,6.98,2,2,3,1,27,2641,46709,2024-06-15,Services,1,80,0.94,30,8,1
CUST1645,50,Male,South Michelleberg,Medium,117,1.28,6,0,10,2,2,1679,1494,2024-02-08,Grocery,12,38,0.17,42,9,0
CUST1646,60,Male,Lynchside,Low,54,3.57,2,2,4,1,40,4225,2885,2025-06-13,Electronics,14,99,0.55,2,9,0
CUST1647,29,Male,Lake Debrafort,Low,56,5.57,4,3,6,6,47,4926,37643,2025-06-18,Fashion,11,98,0.13,16,11,1
CUST1648,25,Male,North Elizabethchester,Low,75,3.6,1,2,9,4,12,2948,43063,2025-01-28,Fashion,2,14,0.48,21,20,1
CUST1649,25,Male,New Carrie,High,57,1.31,1,1,10,0,43,3048,36172,2025-04-01,Home,11,1,0.27,3,18,1
CUST1650,50,Male,North Jamiestad,Medium,48,7.1,2,0,8,3,27,4607,32197,2024-06-24,Fashion,8,87,0.97,16,13,0
CUST1651,24,Male,North Lindseyfort,Medium,78,6.96,4,1,6,2,49,3950,47335,2025-03-06,Services,12,88,0.51,30,22,1
CUST1652,51,Male,Hansonburgh,High,83,1.56,2,0,8,0,29,3101,40007,2024-12-23,Home,13,47,0.82,30,24,0
CUST1653,37,Male,Port Robin,Low,63,3.81,5,1,7,1,13,1911,27653,2023-12-20,Fashion,9,59,0.08,33,21,0
CUST1654,28,Female,New Meganstad,Medium,2,4.24,6,1,3,4,43,1720,955,2024-01-02,Fashion,7,97,0.41,26,21,1
CUST1655,27,Female,Tashastad,Low,91,7.85,5,4,7,1,42,2750,49311,2025-01-03,Services,16,91,0.54,27,29,0
CUST1656,66,Male,Wallsborough,Medium,29,2.13,4,0,7,5,29,284,41712,2024-10-20,Fashion,3,38,0.52,45,8,1
CUST1657,45,Female,New Nichole,Medium,65,-1.54,6,0,2,0,43,3827,27131,2024-04-10,Services,18,81,0.38,18,15,1
CUST1658,40,Female,Petertown,Low,109,-1.14,4,0,10,0,9,4315,40762,2024-11-02,Fashion,14,88,0.19,5,25,1
CUST1659,22,Female,Clarkshire,Low,55,5.0,5,2,5,0,49,2249,7778,2023-12-16,Grocery,0,79,0.79,13,17,0
CUST1660,64,Male,North Crystal,Medium,66,3.21,0,0,9,4,22,1287,12881,2024-07-16,Electronics,11,1,0.7,19,28,0
CUST1661,51,Male,New Shawn,Low,100,6.46,3,0,10,4,17,3014,3343,2024-12-13,Home,2,12,0.51,0,6,0
CUST1662,58,Male,East Andrew,Medium,30,5.41,3,1,5,3,27,649,8580,2025-04-10,Electronics,10,41,0.09,34,3,0
CUST1663,55,Female,Karenburgh,Medium,46,5.69,1,2,9,2,11,1831,583,2025-09-10,Grocery,13,60,0.99,6,28,1
CUST1664,66,Female,East Laura,Low,4,5.35,1,0,3,2,33,1053,47326,2025-01-05,Electronics,15,17,0.67,14,18,0
CUST1665,41,Female,Danielshire,High,81,2.84,3,1,8,1,14,743,4666,2023-11-19,Electronics,5,3,0.58,14,11,1
CUST1666,44,Female,New Markport,Medium,27,4.25,4,1,9,1,8,1046,33284,2023-09-25,Electronics,14,4,0.6,24,21,1
CUST1667,30,Female,Christophertown,High,50,6.88,1,1,9,3,6,2600,27271,2025-04-05,Services,2,14,0.56,14,29,0
CUST1668,43,Male,Jacquelineshire,Medium,84,2.11,2,2,5,0,10,2716,18569,2025-09-12,Home,19,37,0.0,1,8,1
CUST1669,45,Male,Cabreraside,Low,48,4.78,3,1,2,2,26,4879,25791,2024-04-27,Electronics,7,50,0.29,45,14,1
CUST1670,59,Female,Morganstad,Medium,52,4.75,4,1,5,2,16,1700,5752,2024-09-24,Grocery,6,18,0.34,40,2,0
CUST1671,34,Male,Christinefurt,Medium,96,2.87,4,2,5,1,14,4180,47918,2025-07-22,Fashion,13,40,0.86,47,8,1
CUST1672,66,Male,North Charles,Low,38,4.8,6,2,2,1,17,1981,20895,2023-09-26,Grocery,3,23,0.62,21,28,0
CUST1673,26,Female,East Christine,Medium,67,5.18,4,1,6,3,37,3805,48655,2023-12-31,Fashion,5,43,0.86,41,11,1
CUST1674,28,Male,North Anthony,Medium,24,5.44,5,0,3,0,44,277,4449,2025-05-07,Grocery,14,93,0.52,0,20,0
CUST1675,31,Male,Port Teresa,Medium,55,4.76,1,0,9,4,18,1100,4569,2023-09-21,Electronics,5,39,0.31,45,13,0
CUST1676,47,Male,Woodberg,Medium,34,4.05,2,0,8,1,31,845,49767,2024-08-14,Electronics,2,86,0.49,6,7,1
CUST1677,37,Male,Gomezfurt,Low,111,1.55,3,0,10,3,22,2987,34706,2023-09-22,Home,14,54,0.03,31,6,1
CUST1678,36,Female,Kevinborough,High,61,4.6,1,1,1,1,34,4395,7758,2023-11-17,Electronics,1,98,0.04,45,29,1
CUST1679,50,Male,Garciaborough,Medium,17,3.83,1,2,2,0,30,2229,17773,2024-03-17,Fashion,10,54,0.36,7,12,0
CUST1680,31,Male,Calderonton,Medium,74,3.92,2,0,2,3,23,339,44277,2024-08-23,Fashion,5,68,0.31,31,20,1
CUST1681,67,Female,South Marissamouth,Low,10,7.88,2,0,6,1,17,2910,24705,2025-02-11,Fashion,0,57,0.66,34,13,0
CUST1682,32,Male,Youngstad,Low,77,4.59,3,1,5,2,46,4416,5620,2025-06-20,Home,5,28,0.54,23,22,0
CUST1683,46,Female,Laurashire,Medium,94,4.09,5,1,9,1,21,783,49635,2024-03-22,Fashion,4,82,0.23,8,20,1
CUST1684,62,Male,West Shelby,Medium,54,3.34,0,0,2,1,40,1447,13176,2024-09-05,Services,3,1,0.54,40,12,0
CUST1685,25,Male,Rebekahfort,Low,46,7.36,5,1,8,4,10,4535,44690,2024-11-10,Home,0,14,0.8,43,24,1
CUST1686,59,Male,New Cynthiaton,Medium,105,4.32,4,0,10,4,47,1067,21216,2024-01-23,Electronics,2,64,0.09,29,3,1
CUST1687,36,Male,Jacobshire,Medium,57,7.04,3,1,6,3,42,559,33232,2024-02-03,Fashion,10,1,0.68,26,27,0
CUST1688,36,Male,Lake Erin,Low,39,6.28,1,1,6,1,5,3023,45714,2024-05-16,Services,9,73,0.42,15,6,1
CUST1689,56,Male,West Alexander,Medium,118,7.6,3,2,6,1,32,1479,37415,2024-09-04,Services,9,44,0.88,41,14,0
CUST1690,42,Female,Douglasberg,Low,74,6.58,4,0,4,1,17,611,6773,2024-11-11,Home,19,15,0.76,8,24,1
CUST1691,56,Male,Brownland,High,42,8.15,5,0,5,0,41,4729,23823,2024-12-24,Grocery,13,90,0.78,13,12,0
CUST1692,57,Female,Port Sara,High,59,4.91,3,0,10,4,43,747,45619,2023-12-19,Home,8,22,0.31,25,3,1
CUST1693,41,Female,Staceyton,High,66,4.44,3,1,8,1,5,3257,46484,2025-05-10,Grocery,15,15,0.55,15,13,1
CUST1694,43,Male,East Amber,Medium,50,11.77,5,3,9,3,28,3747,34071,2024-12-11,Electronics,9,21,0.07,14,9,1
CUST1695,53,Female,East Katie,Medium,18,3.82,2,0,4,2,1,1755,1391,2024-06-30,Services,8,97,0.61,27,19,0
CUST1696,29,Female,West Michael,Low,118,6.01,1,1,4,1,24,1056,44438,2025-08-05,Electronics,8,22,0.83,41,11,0
CUST1697,46,Male,Hernandezstad,Low,2,5.76,4,1,4,0,23,3209,14100,2024-05-14,Services,18,86,0.19,10,21,0
CUST1698,57,Female,Coxberg,Medium,45,3.13,2,0,7,4,6,3046,14878,2024-09-30,Electronics,6,89,0.34,6,19,1
CUST1699,43,Male,Cooperburgh,Medium,103,3.91,2,0,8,4,36,4928,19923,2025-01-15,Fashion,9,22,0.13,22,27,1
CUST1700,57,Female,East Deborahland,Medium,25,8.7,0,1,5,5,35,4362,24041,2024-03-23,Fashion,11,44,0.21,12,22,0
CUST1701,57,Female,South Jerry,Medium,2,1.13,3,0,8,1,13,745,40389,2024-05-19,Home,11,6,0.35,4,13,0
CUST1702,54,Female,South Tina,Low,5,7.33,1,1,6,3,22,3798,48751,2025-01-11,Grocery,15,4,0.21,20,15,0
CUST1703,44,Female,Port Lori,Low,20,6.05,3,1,10,1,5,2227,17372,2024-04-08,Home,19,46,0.01,19,1,1
CUST1704,47,Male,Trevormouth,Medium,116,5.2,5,2,4,6,11,1878,48741,2024-04-08,Fashion,4,5,0.37,20,1,1
CUST1705,50,Female,Victorland,Medium,37,7.11,2,1,5,1,15,3884,1118,2024-04-24,Services,14,42,0.52,4,10,0
CUST1706,18,Male,Nashville,Medium,76,7.98,3,0,5,3,48,4730,28705,2024-02-15,Grocery,11,62,0.2,3,18,1
CUST1707,69,Female,Calvinton,Low,17,6.7,3,0,3,0,32,1919,11724,2023-10-30,Fashion,1,17,0.54,16,20,0
CUST1708,18,Male,Hinesborough,Medium,46,1.98,1,4,9,1,27,1710,28370,2025-05-06,Grocery,2,73,0.55,19,24,1
CUST1709,27,Male,Briannahaven,High,57,4.73,1,0,4,1,26,2271,1514,2024-02-29,Home,17,72,0.16,13,15,0
CUST1710,23,Other,Hermanberg,Medium,77,5.02,3,1,2,1,6,578,7886,2023-11-14,Electronics,5,74,0.5,44,7,1
CUST1711,18,Male,New Danny,High,59,3.81,1,0,4,1,33,691,21187,2025-07-22,Fashion,9,45,0.21,39,13,0
CUST1712,66,Female,South Maryberg,Medium,114,6.7,4,1,7,2,11,1609,44154,2025-06-22,Electronics,9,47,0.75,40,18,1
CUST1713,27,Male,South Jeffrey,Medium,43,4.5,0,1,8,6,10,1115,10925,2023-12-10,Electronics,12,41,0.08,9,3,0
CUST1714,61,Female,Lake Hannah,Low,117,5.9,0,1,4,1,19,1644,49269,2025-08-01,Grocery,6,60,0.9,38,0,0
CUST1715,48,Female,Lake Victoria,Low,9,4.39,3,2,3,2,24,1701,1981,2024-08-28,Electronics,1,26,0.99,16,18,0
CUST1716,38,Male,New Mary,High,77,4.3,6,0,9,2,49,1520,43919,2023-12-26,Fashion,10,65,0.65,39,18,1
CUST1717,21,Male,West Justin,High,90,6.83,4,1,8,1,18,473,9699,2024-07-06,Services,12,18,0.15,21,2,0
CUST1718,43,Male,East Vernon,High,80,7.69,3,0,10,2,43,1303,43523,2024-05-13,Electronics,12,28,0.75,38,8,1
CUST1719,32,Male,Robertchester,Medium,53,4.84,3,0,1,3,36,382,11339,2025-01-05,Services,13,11,0.24,28,1,0
CUST1720,52,Male,Nataliefort,Low,47,1.65,3,1,7,5,33,4782,44923,2023-09-21,Electronics,16,90,0.6,38,16,1
CUST1721,59,Female,New Brittney,High,18,4.45,1,0,7,1,21,3814,40278,2023-10-15,Services,16,9,0.54,15,8,1
CUST1722,32,Male,South Annashire,Low,27,3.63,1,3,2,0,14,3805,42029,2025-01-10,Electronics,10,7,0.71,0,29,0
CUST1723,49,Male,New Pamelahaven,Medium,85,2.35,4,1,4,0,37,4789,3094,2025-08-15,Grocery,12,56,0.17,33,21,1
CUST1724,45,Other,Deborahmouth,Low,44,3.74,0,0,8,1,35,3786,3001,2024-11-19,Fashion,12,56,0.95,33,20,1
CUST1725,60,Female,New Joshuaborough,Medium,9,10.44,2,2,3,6,39,197,41123,2025-07-30,Electronics,16,24,0.72,15,3,0
CUST1726,58,Male,Kathymouth,High,106,2.71,4,1,6,1,15,4296,9473,2024-11-17,Home,1,39,0.87,6,18,0
CUST1727,38,Female,Amyfurt,Medium,65,3.16,2,1,5,4,2,4929,37906,2025-07-21,Fashion,13,53,0.55,35,10,1
CUST1728,45,Female,Lake Katelyn,Medium,67,6.77,3,2,5,2,47,3425,14117,2024-07-20,Home,0,9,0.79,45,2,0
CUST1729,58,Female,Port Heatherhaven,Medium,48,6.15,3,3,3,4,30,2787,40013,2024-10-19,Electronics,6,96,0.07,4,26,1
CUST1730,60,Female,Anthonyberg,High,114,4.53,2,1,10,0,40,2139,34349,2023-10-13,Services,3,43,0.62,23,11,1
CUST1731,39,Female,Wagnerside,Low,64,5.97,2,0,5,5,4,2026,40636,2024-08-18,Services,14,40,0.24,33,27,0
CUST1732,18,Male,South David,Low,107,3.86,1,0,2,0,7,366,22701,2025-05-08,Services,7,13,0.31,40,15,0
CUST1733,56,Female,Smithville,Medium,31,7.35,3,2,5,2,28,268,5951,2024-07-13,Services,4,66,0.44,16,2,0
CUST1734,52,Female,South Hailey,Medium,95,7.07,1,1,5,2,39,1073,28590,2024-11-13,Grocery,16,0,0.21,31,1,0
CUST1735,61,Male,New Michael,High,2,3.62,6,1,4,2,19,2284,2147,2023-10-31,Grocery,13,62,0.74,9,3,1
CUST1736,20,Male,Lisaburgh,High,32,9.59,1,0,6,1,44,4980,19345,2024-03-01,Home,18,58,0.61,13,8,1
CUST1737,22,Male,Lake Allison,Medium,87,2.82,2,1,8,2,0,1443,16160,2023-10-24,Grocery,0,55,1.0,44,29,1
CUST1738,55,Female,East Jennifer,Low,56,2.83,2,0,5,1,15,4397,39485,2024-10-17,Electronics,4,52,0.15,21,19,1
CUST1739,40,Male,Woodmouth,Medium,84,4.77,1,1,6,0,34,3612,48838,2024-06-27,Home,6,30,0.63,2,13,1
CUST1740,28,Female,New Angelaville,Low,5,3.54,3,2,1,2,19,4127,31497,2025-05-16,Services,11,41,0.54,10,12,0
CUST1741,68,Male,Vaughntown,Low,108,2.19,2,0,3,0,18,1409,36325,2024-06-25,Fashion,5,2,0.27,6,3,0
CUST1742,65,Other,Millerhaven,High,58,3.9,7,0,2,2,44,4534,11362,2025-04-30,Fashion,11,4,0.87,30,20,0
CUST1743,62,Male,Lopezchester,Medium,115,1.16,7,0,8,0,30,3204,37163,2025-02-05,Services,16,22,0.44,48,15,1
CUST1744,51,Male,Susanborough,High,92,7.45,2,2,4,0,36,4314,14976,2025-05-22,Grocery,5,29,0.38,40,9,1
CUST1745,58,Male,North Mark,High,99,6.69,5,1,2,0,41,1165,30008,2023-12-30,Fashion,16,93,0.06,42,5,1
CUST1746,57,Female,Hughesland,Low,66,3.03,1,1,7,4,26,3186,12814,2025-02-11,Electronics,4,1,0.09,0,21,0
CUST1747,21,Male,Lake Laura,Low,111,5.73,5,1,1,0,14,2296,27872,2023-09-15,Electronics,19,65,0.79,17,14,1
CUST1748,39,Female,Rachelland,High,16,4.53,1,1,7,3,1,1233,5185,2025-03-28,Fashion,5,6,0.48,45,4,1
CUST1749,30,Male,West Whitney,High,77,2.72,2,0,2,7,17,4596,18213,2024-10-09,Grocery,10,92,0.46,35,17,1
CUST1750,33,Female,West Nathanberg,Medium,64,6.92,3,0,9,3,33,3172,31138,2025-06-20,Home,8,16,0.17,37,8,1
CUST1751,39,Female,South Tanya,Low,55,2.95,2,4,9,2,31,951,4151,2024-08-10,Home,0,28,0.95,44,22,1
CUST1752,51,Male,Andersonhaven,Medium,11,6.72,0,1,9,3,40,2422,29328,2024-08-23,Services,18,48,0.13,12,7,0
CUST1753,65,Male,Lake Lauraside,Medium,21,5.53,3,1,9,2,47,3414,14317,2025-04-27,Grocery,15,59,0.07,23,5,0
CUST1754,18,Male,Holmesfort,Medium,84,10.39,4,0,5,0,9,2240,28160,2025-07-28,Grocery,6,41,0.48,20,1,0
CUST1755,36,Female,Patrickshire,Medium,28,3.0,0,2,10,3,25,2508,2430,2025-03-25,Home,5,80,0.71,33,16,0
CUST1756,27,Male,Rogershaven,Medium,7,3.09,2,0,7,3,29,699,23488,2024-11-12,Electronics,4,1,0.8,34,23,0
CUST1757,39,Male,Carlmouth,Medium,35,1.88,2,0,2,1,11,3590,23445,2025-02-27,Services,12,98,0.42,41,24,0
CUST1758,60,Female,Wandatown,Medium,90,2.58,1,1,5,2,12,106,30688,2025-08-02,Grocery,12,79,0.0,9,19,0
CUST1759,41,Female,Lisafurt,High,94,5.98,5,4,4,4,11,4514,47797,2023-11-21,Grocery,10,55,0.09,37,18,1
CUST1760,31,Female,East Heathermouth,Medium,7,4.56,3,1,10,0,31,2036,36444,2024-01-23,Electronics,15,77,0.72,22,21,0
CUST1761,30,Female,Jessicamouth,Medium,38,6.75,0,2,1,2,31,3969,3147,2024-09-15,Electronics,8,47,0.1,39,4,0
CUST1762,48,Male,Port Jeanetteside,Medium,111,6.35,4,0,1,2,12,2637,8421,2023-12-09,Home,3,96,0.29,38,16,0
CUST1763,51,Female,Tammychester,Medium,42,7.25,5,0,8,0,13,3452,23948,2024-07-15,Services,1,34,0.58,15,10,0
CUST1764,65,Male,Lake Mary,High,83,3.13,3,1,7,2,35,3271,35838,2024-06-01,Electronics,3,29,0.89,45,1,0
CUST1765,44,Female,North Henry,Medium,27,4.86,4,0,8,1,37,2215,38571,2025-09-07,Services,9,89,0.28,3,29,1
CUST1766,31,Female,Port Patrickside,High,71,6.77,3,0,6,2,30,448,23530,2025-05-15,Grocery,10,62,0.15,18,8,0
CUST1767,43,Male,South Jennifermouth,Low,118,3.8,2,2,3,4,36,3181,35216,2024-08-29,Services,4,95,0.97,20,26,1
CUST1768,47,Female,Shepardmouth,Medium,50,8.02,1,1,6,3,42,2662,42233,2025-06-15,Fashion,16,65,0.98,43,11,1
CUST1769,26,Female,East Andrewhaven,High,36,-0.69,3,1,7,3,12,1324,29004,2023-12-21,Grocery,5,5,0.95,14,21,1
CUST1770,19,Male,West Craig,Medium,53,4.73,3,0,5,0,4,413,15279,2023-09-28,Home,7,77,0.84,21,21,1
CUST1771,29,Male,New Whitney,Medium,114,5.04,1,2,2,0,24,636,20572,2025-03-23,Home,2,75,0.77,48,22,0
CUST1772,41,Female,Douglastown,Medium,108,4.22,4,0,7,3,12,2967,13278,2025-04-27,Services,4,24,0.23,32,23,0
CUST1773,57,Female,Port Deborah,High,114,6.2,3,2,8,1,17,3651,37100,2023-09-14,Services,3,20,0.73,39,6,1
CUST1774,30,Female,Timothyside,High,57,4.97,3,0,3,1,46,3289,4260,2025-07-07,Home,14,92,0.98,18,12,1
CUST1775,26,Male,Virginiamouth,Medium,40,4.73,3,1,8,1,36,1787,13141,2023-11-01,Grocery,14,6,0.45,10,17,1
CUST1776,22,Male,New Vanessa,Medium,110,5.88,5,1,1,2,38,4935,25505,2025-01-08,Grocery,1,46,0.04,21,29,1
CUST1777,63,Female,Karastad,Low,9,6.59,3,0,7,1,46,688,30882,2025-08-28,Home,18,20,0.34,46,15,1
CUST1778,60,Female,Angelaburgh,Low,80,5.1,2,2,3,1,10,2690,47767,2024-10-08,Grocery,9,68,0.24,30,21,1
CUST1779,63,Female,Port Jeffreyburgh,Medium,26,4.11,3,0,10,1,29,1053,19661,2023-09-25,Grocery,15,45,0.03,44,11,1
CUST1780,49,Female,Stuartmouth,Medium,9,4.94,6,1,5,2,33,3022,44436,2024-06-05,Grocery,12,8,0.74,46,9,1
CUST1781,66,Female,Kimberlyville,Medium,56,4.04,0,1,4,1,20,4893,39229,2025-09-10,Home,10,32,0.71,29,11,1
CUST1782,59,Female,Lake Ronald,Medium,88,6.25,2,1,6,2,19,3538,29828,2025-06-20,Home,17,89,0.14,13,29,1
CUST1783,56,Male,Port Shawntown,High,64,9.69,4,1,7,0,38,1049,20365,2023-11-04,Home,17,64,0.0,42,8,1
CUST1784,59,Female,East Karen,Medium,94,4.16,4,2,4,2,30,1558,48752,2024-09-13,Home,2,75,0.89,49,3,1
CUST1785,30,Male,Port Thomas,Medium,74,6.5,1,0,9,1,37,3792,24002,2024-09-02,Fashion,19,78,0.17,15,3,1
CUST1786,22,Female,Horneport,Medium,94,6.34,2,0,10,1,34,3959,39102,2024-07-02,Grocery,1,6,0.62,46,13,1
CUST1787,55,Female,Malloryton,Medium,79,2.9,3,1,3,3,8,810,46532,2023-10-12,Home,17,64,0.67,8,4,0
CUST1788,38,Female,East Corey,Medium,102,7.31,5,1,3,1,18,2372,36623,2024-11-23,Fashion,1,21,0.72,48,7,1
CUST1789,54,Male,Port Brendaville,Medium,118,6.27,3,2,8,2,2,1916,19931,2024-04-27,Home,17,25,0.82,19,14,0
CUST1790,61,Male,South Alexis,Medium,89,6.16,4,2,6,2,21,3595,13368,2025-04-12,Services,9,20,0.34,36,16,0
CUST1791,46,Female,New Suzanne,Medium,8,6.79,6,0,4,2,6,3254,41643,2024-08-19,Grocery,15,37,0.37,46,21,1
CUST1792,56,Female,Santoschester,Low,72,3.33,1,0,7,3,1,1618,20904,2025-03-17,Grocery,12,61,0.11,34,25,0
CUST1793,56,Male,Danielsside,High,84,3.42,4,0,7,1,4,1520,46973,2024-12-21,Electronics,18,70,0.9,20,6,0
CUST1794,35,Female,Lechester,Medium,11,4.74,5,0,7,2,31,521,1820,2024-08-09,Electronics,6,67,0.71,27,6,1
CUST1795,23,Male,East Elizabeth,High,57,2.65,1,0,4,2,34,2957,36556,2024-09-29,Services,16,34,0.93,11,4,0
CUST1796,43,Male,Lake Meganport,Medium,19,2.51,1,1,3,2,29,3291,26529,2024-01-15,Services,18,44,0.33,49,20,0
CUST1797,33,Male,South Cheryl,Medium,55,6.48,1,1,10,0,45,982,1849,2024-08-31,Electronics,12,58,0.93,41,5,0
CUST1798,49,Male,Fisherberg,High,34,4.56,3,1,4,1,31,4623,16845,2024-03-12,Electronics,8,53,0.83,11,20,1
CUST1799,26,Male,Hahnbury,Medium,70,2.46,5,3,10,1,49,3108,33829,2025-01-03,Grocery,9,47,0.48,35,23,1
